INSERT INTO `pages` (`uid`, `pid`, `tstamp`, `crdate`, `deleted`, `hidden`, `starttime`, `endtime`, `fe_group`, `sorting`, `rowDescription`, `editlock`, `sys_language_uid`, `l10n_parent`, `l10n_source`, `l10n_state`, `t3_origuid`, `l10n_diffsource`, `t3ver_oid`, `t3ver_wsid`, `t3ver_state`, `t3ver_stage`, `perms_userid`, `perms_groupid`, `perms_user`, `perms_group`, `perms_everybody`, `title`, `doktype`, `TSconfig`, `is_siteroot`, `php_tree_stop`, `url`, `shortcut`, `shortcut_mode`, `subtitle`, `layout`, `target`, `media`, `keywords`, `cache_timeout`, `cache_tags`, `description`, `no_search`, `SYS_LASTCHANGED`, `abstract`, `module`, `extendToSubpages`, `author`, `author_email`, `nav_title`, `nav_hide`, `content_from_pid`, `mount_pid`, `mount_pid_ol`, `l18n_cfg`, `backend_layout`, `backend_layout_next_level`, `tsconfig_includes`, `categories`, `lastUpdated`, `newUntil`, `slug`, `tx_impexp_origuid`, `seo_title`, `no_index`, `no_follow`, `og_title`, `og_description`, `og_image`, `twitter_title`, `twitter_description`, `twitter_image`, `twitter_card`, `canonical_link`, `sitemap_priority`, `sitemap_changefreq`) VALUES
(2,	0,	1742813521,	1697627325,	0,	0,	0,	0,	'',	256,	NULL,	0,	0,	0,	0,	NULL,	0,	'{\"doktype\":\"\",\"title\":\"\",\"slug\":\"\",\"nav_title\":\"\",\"subtitle\":\"\",\"seo_title\":\"\",\"description\":\"\",\"no_index\":\"\",\"no_follow\":\"\",\"canonical_link\":\"\",\"sitemap_changefreq\":\"\",\"sitemap_priority\":\"\",\"og_title\":\"\",\"og_description\":\"\",\"og_image\":\"\",\"twitter_title\":\"\",\"twitter_description\":\"\",\"twitter_image\":\"\",\"twitter_card\":\"\",\"abstract\":\"\",\"keywords\":\"\",\"author\":\"\",\"author_email\":\"\",\"lastUpdated\":\"\",\"layout\":\"\",\"newUntil\":\"\",\"backend_layout\":\"\",\"backend_layout_next_level\":\"\",\"content_from_pid\":\"\",\"target\":\"\",\"cache_timeout\":\"\",\"cache_tags\":\"\",\"is_siteroot\":\"\",\"no_search\":\"\",\"php_tree_stop\":\"\",\"module\":\"\",\"media\":\"\",\"tsconfig_includes\":\"\",\"TSconfig\":\"\",\"l18n_cfg\":\"\",\"hidden\":\"\",\"nav_hide\":\"\",\"starttime\":\"\",\"endtime\":\"\",\"extendToSubpages\":\"\",\"fe_group\":\"\",\"editlock\":\"\",\"categories\":\"\",\"rowDescription\":\"\"}',	0,	0,	0,	0,	1,	0,	31,	27,	0,	'Home',	1,	NULL,	1,	0,	'',	0,	0,	'',	0,	'',	0,	NULL,	0,	'',	NULL,	0,	1742816608,	NULL,	'',	0,	'',	'',	'',	0,	0,	0,	0,	0,	'pagets__simple',	'pagets__default',	NULL,	0,	0,	0,	'/',	0,	'',	0,	0,	'',	NULL,	0,	'',	NULL,	0,	'summary',	'',	0.5,	''),
(3,	2,	1742801035,	1697630358,	0,	0,	0,	0,	'',	256,	NULL,	0,	0,	0,	0,	NULL,	0,	'{\"doktype\":\"\",\"title\":\"\",\"slug\":\"\",\"nav_title\":\"\",\"subtitle\":\"\",\"shortcut_mode\":\"\",\"shortcut\":\"\",\"abstract\":\"\",\"author\":\"\",\"author_email\":\"\",\"lastUpdated\":\"\",\"layout\":\"\",\"newUntil\":\"\",\"backend_layout\":\"\",\"backend_layout_next_level\":\"\",\"target\":\"\",\"is_siteroot\":\"\",\"no_search\":\"\",\"php_tree_stop\":\"\",\"media\":\"\",\"tsconfig_includes\":\"\",\"TSconfig\":\"\",\"l18n_cfg\":\"\",\"hidden\":\"\",\"nav_hide\":\"\",\"starttime\":\"\",\"endtime\":\"\",\"extendToSubpages\":\"\",\"fe_group\":\"\",\"editlock\":\"\",\"categories\":\"\",\"rowDescription\":\"\"}',	0,	0,	0,	0,	1,	0,	31,	27,	0,	'Home',	4,	NULL,	0,	0,	'',	2,	0,	'',	0,	'',	0,	NULL,	0,	'',	NULL,	0,	1697805666,	NULL,	'',	0,	'',	'',	'',	0,	0,	0,	0,	0,	'pagets__default',	'',	NULL,	0,	0,	0,	'/home',	0,	'',	0,	0,	'',	NULL,	0,	'',	NULL,	0,	'summary',	'',	0.5,	''),
(4,	2,	1742813510,	1697630363,	0,	0,	0,	0,	'',	512,	NULL,	0,	0,	0,	0,	NULL,	0,	'{\"doktype\":\"\",\"title\":\"\",\"slug\":\"\",\"nav_title\":\"\",\"subtitle\":\"\",\"seo_title\":\"\",\"description\":\"\",\"no_index\":\"\",\"no_follow\":\"\",\"canonical_link\":\"\",\"sitemap_changefreq\":\"\",\"sitemap_priority\":\"\",\"og_title\":\"\",\"og_description\":\"\",\"og_image\":\"\",\"twitter_title\":\"\",\"twitter_description\":\"\",\"twitter_image\":\"\",\"twitter_card\":\"\",\"abstract\":\"\",\"keywords\":\"\",\"author\":\"\",\"author_email\":\"\",\"lastUpdated\":\"\",\"layout\":\"\",\"newUntil\":\"\",\"backend_layout\":\"\",\"backend_layout_next_level\":\"\",\"content_from_pid\":\"\",\"target\":\"\",\"cache_timeout\":\"\",\"cache_tags\":\"\",\"is_siteroot\":\"\",\"no_search\":\"\",\"php_tree_stop\":\"\",\"module\":\"\",\"media\":\"\",\"tsconfig_includes\":\"\",\"TSconfig\":\"\",\"l18n_cfg\":\"\",\"hidden\":\"\",\"nav_hide\":\"\",\"starttime\":\"\",\"endtime\":\"\",\"extendToSubpages\":\"\",\"fe_group\":\"\",\"editlock\":\"\",\"categories\":\"\",\"rowDescription\":\"\"}',	0,	0,	0,	0,	1,	0,	31,	27,	0,	'Wish',	1,	NULL,	0,	0,	'',	0,	0,	'',	0,	'',	0,	NULL,	0,	'',	NULL,	0,	1742813510,	NULL,	'',	0,	'',	'',	'',	0,	0,	0,	0,	0,	'pagets__default',	'',	NULL,	0,	0,	0,	'/wish',	0,	'',	0,	0,	'',	NULL,	0,	'',	NULL,	0,	'summary',	'',	0.5,	''),
(5,	2,	1731407677,	1697630367,	0,	0,	0,	0,	'',	768,	NULL,	0,	0,	0,	0,	NULL,	0,	'{\"doktype\":\"\",\"title\":\"\",\"slug\":\"\",\"nav_title\":\"\",\"subtitle\":\"\",\"seo_title\":\"\",\"description\":\"\",\"no_index\":\"\",\"no_follow\":\"\",\"canonical_link\":\"\",\"sitemap_changefreq\":\"\",\"sitemap_priority\":\"\",\"og_title\":\"\",\"og_description\":\"\",\"og_image\":\"\",\"twitter_title\":\"\",\"twitter_description\":\"\",\"twitter_image\":\"\",\"twitter_card\":\"\",\"abstract\":\"\",\"keywords\":\"\",\"author\":\"\",\"author_email\":\"\",\"lastUpdated\":\"\",\"layout\":\"\",\"newUntil\":\"\",\"backend_layout\":\"\",\"backend_layout_next_level\":\"\",\"content_from_pid\":\"\",\"target\":\"\",\"cache_timeout\":\"\",\"cache_tags\":\"\",\"is_siteroot\":\"\",\"no_search\":\"\",\"php_tree_stop\":\"\",\"module\":\"\",\"media\":\"\",\"tsconfig_includes\":\"\",\"TSconfig\":\"\",\"l18n_cfg\":\"\",\"hidden\":\"\",\"nav_hide\":\"\",\"starttime\":\"\",\"endtime\":\"\",\"extendToSubpages\":\"\",\"fe_group\":\"\",\"editlock\":\"\",\"categories\":\"\",\"rowDescription\":\"\",\"section_class\":\"\",\"data_logo_appearance\":\"\"}',	0,	0,	0,	0,	1,	0,	31,	27,	0,	'Best Deals',	1,	NULL,	0,	0,	'',	0,	0,	'',	0,	'',	0,	NULL,	0,	'',	NULL,	0,	1742800063,	NULL,	'',	0,	'',	'',	'',	0,	0,	0,	0,	0,	'',	'',	NULL,	1,	0,	0,	'/best-deals',	0,	'',	0,	0,	'',	NULL,	0,	'',	NULL,	0,	'summary',	'',	0.5,	''),
(6,	2,	1731407694,	1697630370,	0,	0,	0,	0,	'',	1024,	NULL,	0,	0,	0,	0,	NULL,	0,	'{\"doktype\":\"\",\"title\":\"\",\"slug\":\"\",\"nav_title\":\"\",\"subtitle\":\"\",\"seo_title\":\"\",\"description\":\"\",\"no_index\":\"\",\"no_follow\":\"\",\"canonical_link\":\"\",\"sitemap_changefreq\":\"\",\"sitemap_priority\":\"\",\"og_title\":\"\",\"og_description\":\"\",\"og_image\":\"\",\"twitter_title\":\"\",\"twitter_description\":\"\",\"twitter_image\":\"\",\"twitter_card\":\"\",\"abstract\":\"\",\"keywords\":\"\",\"author\":\"\",\"author_email\":\"\",\"lastUpdated\":\"\",\"layout\":\"\",\"newUntil\":\"\",\"backend_layout\":\"\",\"backend_layout_next_level\":\"\",\"content_from_pid\":\"\",\"target\":\"\",\"cache_timeout\":\"\",\"cache_tags\":\"\",\"is_siteroot\":\"\",\"no_search\":\"\",\"php_tree_stop\":\"\",\"module\":\"\",\"media\":\"\",\"tsconfig_includes\":\"\",\"TSconfig\":\"\",\"l18n_cfg\":\"\",\"hidden\":\"\",\"nav_hide\":\"\",\"starttime\":\"\",\"endtime\":\"\",\"extendToSubpages\":\"\",\"fe_group\":\"\",\"editlock\":\"\",\"categories\":\"\",\"rowDescription\":\"\",\"section_class\":\"\",\"data_logo_appearance\":\"\"}',	0,	0,	0,	0,	1,	0,	31,	27,	0,	'Testimonial',	1,	NULL,	0,	0,	'',	0,	0,	'',	0,	'',	0,	NULL,	0,	'',	NULL,	0,	1742800148,	NULL,	'',	0,	'',	'',	'',	0,	0,	0,	0,	0,	'',	'',	NULL,	1,	0,	0,	'/testimonial',	0,	'',	0,	0,	'',	NULL,	0,	'',	NULL,	0,	'summary',	'',	0.5,	''),
(7,	2,	1731407730,	1697630373,	0,	0,	0,	0,	'',	1280,	NULL,	0,	0,	0,	0,	NULL,	0,	'{\"doktype\":\"\",\"title\":\"\",\"slug\":\"\",\"nav_title\":\"\",\"subtitle\":\"\",\"seo_title\":\"\",\"description\":\"\",\"no_index\":\"\",\"no_follow\":\"\",\"canonical_link\":\"\",\"sitemap_changefreq\":\"\",\"sitemap_priority\":\"\",\"og_title\":\"\",\"og_description\":\"\",\"og_image\":\"\",\"twitter_title\":\"\",\"twitter_description\":\"\",\"twitter_image\":\"\",\"twitter_card\":\"\",\"abstract\":\"\",\"keywords\":\"\",\"author\":\"\",\"author_email\":\"\",\"lastUpdated\":\"\",\"layout\":\"\",\"newUntil\":\"\",\"backend_layout\":\"\",\"backend_layout_next_level\":\"\",\"content_from_pid\":\"\",\"target\":\"\",\"cache_timeout\":\"\",\"cache_tags\":\"\",\"is_siteroot\":\"\",\"no_search\":\"\",\"php_tree_stop\":\"\",\"module\":\"\",\"media\":\"\",\"tsconfig_includes\":\"\",\"TSconfig\":\"\",\"l18n_cfg\":\"\",\"hidden\":\"\",\"nav_hide\":\"\",\"starttime\":\"\",\"endtime\":\"\",\"extendToSubpages\":\"\",\"fe_group\":\"\",\"editlock\":\"\",\"categories\":\"\",\"rowDescription\":\"\",\"section_class\":\"\",\"data_logo_appearance\":\"\"}',	0,	0,	0,	0,	1,	0,	31,	27,	0,	'Contact Us',	1,	NULL,	0,	0,	'',	0,	0,	'',	0,	'',	0,	NULL,	0,	'',	NULL,	0,	1742803951,	NULL,	'',	0,	'',	'',	'',	0,	0,	0,	0,	0,	'',	'',	NULL,	1,	0,	0,	'/contact-us',	0,	'',	0,	0,	'',	NULL,	0,	'',	NULL,	0,	'summary',	'',	0.5,	''),
(8,	2,	1731385853,	1731385850,	0,	0,	0,	0,	'0',	1536,	NULL,	0,	0,	0,	0,	NULL,	0,	'{\"hidden\":\"\"}',	0,	0,	0,	0,	1,	0,	31,	27,	0,	'Footer',	254,	NULL,	0,	0,	'',	0,	0,	'',	0,	'',	0,	NULL,	0,	'',	NULL,	0,	0,	NULL,	'',	0,	'',	'',	'',	0,	0,	0,	0,	0,	'',	'',	NULL,	0,	0,	0,	'/footer',	0,	'',	0,	0,	'',	NULL,	0,	'',	NULL,	0,	'summary',	'',	0.5,	''),
(9,	8,	1731385900,	1731385897,	0,	0,	0,	0,	'0',	256,	NULL,	0,	0,	0,	0,	NULL,	0,	'{\"hidden\":\"\"}',	0,	0,	0,	0,	1,	0,	31,	27,	0,	'Social Media',	199,	NULL,	0,	0,	'',	0,	0,	'',	0,	'',	0,	NULL,	0,	'',	NULL,	0,	0,	NULL,	'',	0,	'',	'',	'',	0,	0,	0,	0,	0,	'',	'',	NULL,	0,	0,	0,	'/social-media',	0,	'',	0,	0,	'',	NULL,	0,	'',	NULL,	0,	'summary',	'',	0.5,	''),
(10,	9,	1737959462,	1731385919,	0,	0,	0,	0,	'',	256,	NULL,	0,	0,	0,	0,	NULL,	0,	'{\"doktype\":\"\",\"title\":\"\",\"slug\":\"\",\"nav_title\":\"\",\"subtitle\":\"\",\"url\":\"\",\"target\":\"\",\"abstract\":\"\",\"author\":\"\",\"author_email\":\"\",\"lastUpdated\":\"\",\"layout\":\"\",\"newUntil\":\"\",\"backend_layout\":\"\",\"backend_layout_next_level\":\"\",\"is_siteroot\":\"\",\"no_search\":\"\",\"php_tree_stop\":\"\",\"media\":\"\",\"tsconfig_includes\":\"\",\"TSconfig\":\"\",\"l18n_cfg\":\"\",\"hidden\":\"\",\"nav_hide\":\"\",\"starttime\":\"\",\"endtime\":\"\",\"extendToSubpages\":\"\",\"fe_group\":\"\",\"editlock\":\"\",\"categories\":\"\",\"rowDescription\":\"\",\"section_class\":\"\",\"data_logo_appearance\":\"\"}',	0,	0,	0,	0,	1,	0,	31,	27,	0,	'Facebook',	3,	NULL,	0,	0,	'https://santasitecrism.ddev.site/facebook',	0,	0,	'',	0,	'',	1,	NULL,	0,	'',	NULL,	0,	0,	NULL,	'',	0,	'',	'',	'',	0,	0,	0,	0,	0,	'',	'',	NULL,	0,	0,	0,	'/facebook',	0,	'',	0,	0,	'',	NULL,	0,	'',	NULL,	0,	'summary',	'',	0.5,	''),
(11,	9,	1737959483,	1731385934,	0,	0,	0,	0,	'',	512,	NULL,	0,	0,	0,	0,	NULL,	0,	'{\"doktype\":\"\",\"title\":\"\",\"slug\":\"\",\"nav_title\":\"\",\"subtitle\":\"\",\"url\":\"\",\"target\":\"\",\"abstract\":\"\",\"author\":\"\",\"author_email\":\"\",\"lastUpdated\":\"\",\"layout\":\"\",\"newUntil\":\"\",\"backend_layout\":\"\",\"backend_layout_next_level\":\"\",\"is_siteroot\":\"\",\"no_search\":\"\",\"php_tree_stop\":\"\",\"media\":\"\",\"tsconfig_includes\":\"\",\"TSconfig\":\"\",\"l18n_cfg\":\"\",\"hidden\":\"\",\"nav_hide\":\"\",\"starttime\":\"\",\"endtime\":\"\",\"extendToSubpages\":\"\",\"fe_group\":\"\",\"editlock\":\"\",\"categories\":\"\",\"rowDescription\":\"\",\"section_class\":\"\",\"data_logo_appearance\":\"\"}',	0,	0,	0,	0,	1,	0,	31,	27,	0,	'Twitter',	3,	NULL,	0,	0,	'https://santasitecrism.ddev.site/twitter',	0,	0,	'',	0,	'',	1,	NULL,	0,	'',	NULL,	0,	0,	NULL,	'',	0,	'',	'',	'',	0,	0,	0,	0,	0,	'',	'',	NULL,	0,	0,	0,	'/twitter',	0,	'',	0,	0,	'',	NULL,	0,	'',	NULL,	0,	'summary',	'',	0.5,	''),
(12,	9,	1737959505,	1731385955,	0,	0,	0,	0,	'',	768,	NULL,	0,	0,	0,	0,	NULL,	0,	'{\"doktype\":\"\",\"title\":\"\",\"slug\":\"\",\"nav_title\":\"\",\"subtitle\":\"\",\"url\":\"\",\"target\":\"\",\"abstract\":\"\",\"author\":\"\",\"author_email\":\"\",\"lastUpdated\":\"\",\"layout\":\"\",\"newUntil\":\"\",\"backend_layout\":\"\",\"backend_layout_next_level\":\"\",\"is_siteroot\":\"\",\"no_search\":\"\",\"php_tree_stop\":\"\",\"media\":\"\",\"tsconfig_includes\":\"\",\"TSconfig\":\"\",\"l18n_cfg\":\"\",\"hidden\":\"\",\"nav_hide\":\"\",\"starttime\":\"\",\"endtime\":\"\",\"extendToSubpages\":\"\",\"fe_group\":\"\",\"editlock\":\"\",\"categories\":\"\",\"rowDescription\":\"\",\"section_class\":\"\",\"data_logo_appearance\":\"\"}',	0,	0,	0,	0,	1,	0,	31,	27,	0,	'Instagram',	3,	NULL,	0,	0,	'https://santasitecrism.ddev.site/instagram',	0,	0,	'',	0,	'',	1,	NULL,	0,	'',	NULL,	0,	0,	NULL,	'',	0,	'',	'',	'',	0,	0,	0,	0,	0,	'',	'',	NULL,	0,	0,	0,	'/instagram',	0,	'',	0,	0,	'',	NULL,	0,	'',	NULL,	0,	'summary',	'',	0.5,	''),
(13,	9,	1737959535,	1731386001,	0,	0,	0,	0,	'',	1024,	NULL,	0,	0,	0,	0,	NULL,	0,	'{\"doktype\":\"\",\"title\":\"\",\"slug\":\"\",\"nav_title\":\"\",\"subtitle\":\"\",\"url\":\"\",\"target\":\"\",\"abstract\":\"\",\"author\":\"\",\"author_email\":\"\",\"lastUpdated\":\"\",\"layout\":\"\",\"newUntil\":\"\",\"backend_layout\":\"\",\"backend_layout_next_level\":\"\",\"is_siteroot\":\"\",\"no_search\":\"\",\"php_tree_stop\":\"\",\"media\":\"\",\"tsconfig_includes\":\"\",\"TSconfig\":\"\",\"l18n_cfg\":\"\",\"hidden\":\"\",\"nav_hide\":\"\",\"starttime\":\"\",\"endtime\":\"\",\"extendToSubpages\":\"\",\"fe_group\":\"\",\"editlock\":\"\",\"categories\":\"\",\"rowDescription\":\"\",\"section_class\":\"\",\"data_logo_appearance\":\"\"}',	0,	0,	0,	0,	1,	0,	31,	27,	0,	'Linkedin',	3,	NULL,	0,	0,	'https://santasitecrism.ddev.site/linkedin',	0,	0,	'',	0,	'',	1,	NULL,	0,	'',	NULL,	0,	0,	NULL,	'',	0,	'',	'',	'',	0,	0,	0,	0,	0,	'',	'',	NULL,	0,	0,	0,	'/linkedin',	0,	'',	0,	0,	'',	NULL,	0,	'',	NULL,	0,	'summary',	'',	0.5,	''),
(14,	2,	1742813054,	1742720998,	0,	0,	0,	0,	'',	1408,	NULL,	0,	0,	0,	0,	NULL,	0,	'{\"doktype\":\"\",\"title\":\"\",\"slug\":\"\",\"nav_title\":\"\",\"subtitle\":\"\",\"seo_title\":\"\",\"description\":\"\",\"no_index\":\"\",\"no_follow\":\"\",\"canonical_link\":\"\",\"sitemap_changefreq\":\"\",\"sitemap_priority\":\"\",\"og_title\":\"\",\"og_description\":\"\",\"og_image\":\"\",\"twitter_title\":\"\",\"twitter_description\":\"\",\"twitter_image\":\"\",\"twitter_card\":\"\",\"abstract\":\"\",\"keywords\":\"\",\"author\":\"\",\"author_email\":\"\",\"lastUpdated\":\"\",\"layout\":\"\",\"newUntil\":\"\",\"backend_layout\":\"\",\"backend_layout_next_level\":\"\",\"content_from_pid\":\"\",\"target\":\"\",\"cache_timeout\":\"\",\"cache_tags\":\"\",\"is_siteroot\":\"\",\"no_search\":\"\",\"php_tree_stop\":\"\",\"module\":\"\",\"media\":\"\",\"tsconfig_includes\":\"\",\"TSconfig\":\"\",\"l18n_cfg\":\"\",\"hidden\":\"\",\"nav_hide\":\"\",\"starttime\":\"\",\"endtime\":\"\",\"extendToSubpages\":\"\",\"fe_group\":\"\",\"editlock\":\"\",\"categories\":\"\",\"rowDescription\":\"\"}',	0,	0,	0,	0,	1,	0,	31,	27,	0,	'404 Page',	1,	NULL,	0,	0,	'',	0,	0,	'',	0,	'',	0,	NULL,	0,	'',	NULL,	0,	1742967675,	NULL,	'',	0,	'',	'',	'',	1,	0,	0,	0,	0,	'pagets__default',	'',	NULL,	0,	0,	0,	'/404-page',	0,	'',	0,	0,	'',	NULL,	0,	'',	NULL,	0,	'summary',	'',	0.5,	'');

INSERT INTO `sys_file` (`uid`, `pid`, `tstamp`, `last_indexed`, `missing`, `storage`, `type`, `metadata`, `identifier`, `identifier_hash`, `folder_hash`, `extension`, `mime_type`, `name`, `sha1`, `size`, `creation_date`, `modification_date`) VALUES
(1,	0,	1697627389,	0,	0,	0,	'2',	0,	'/typo3conf/ext/at_christmas/Resources/Public/Icons/homepage-logo.png',	'86d6441f47b0dc2ad2deb23a69e27286fe899828',	'e0a7dd5009b280fdc96c0a55e246c35842fff0ec',	'png',	'image/png',	'homepage-logo.png',	'1e7127dd797434d59e5b28025dd34d79637bdf42',	80281,	1697627172,	1647234313),
(2,	0,	1697628563,	0,	0,	0,	'2',	0,	'/typo3conf/ext/at_christmas/Resources/Public/images/logo.png',	'48114f1eb4baa7266be6131c6acfa2f0eb35fe75',	'7c4caf1f903c1128b7ad3149785a698642ae6444',	'png',	'image/png',	'logo.png',	'01ee2c855ea16e35e2d74ef3d5cedfa0901ccbb7',	3385,	1697627900,	1576670728),
(3,	0,	1697633865,	0,	0,	0,	'2',	0,	'/typo3conf/ext/at_christmas/Resources/Public/images/call-icon.png',	'2344e359715c27f0b2f58ec89ca2be95fdc54890',	'7c4caf1f903c1128b7ad3149785a698642ae6444',	'png',	'image/png',	'call-icon.png',	'a9fce49fe568039fee534883c79da4667a5f0298',	1109,	1697627900,	1576670732),
(4,	0,	1697633865,	0,	0,	0,	'2',	0,	'/typo3conf/ext/at_christmas/Resources/Public/images/mail-icon.png',	'f4189d10fd324f6029197a049cec832b75d8d9e8',	'7c4caf1f903c1128b7ad3149785a698642ae6444',	'png',	'image/png',	'mail-icon.png',	'05b2f777f00f685d0606e5fb200fffe7984cc951',	1144,	1697627900,	1576670724),
(5,	0,	1697633977,	0,	0,	0,	'2',	0,	'/typo3conf/ext/at_christmas/Resources/Public/images/search-icon.png',	'98a02eeaeabaeb45abf6057a1778dfecae48e906',	'7c4caf1f903c1128b7ad3149785a698642ae6444',	'png',	'image/png',	'search-icon.png',	'ea3f7f915f9911142c822c010ebbb7fdd35d687a',	1146,	1697627900,	1576670734),
(6,	0,	1697690433,	0,	0,	0,	'2',	0,	'/typo3conf/ext/mask/Resources/Public/Icons/Extension.svg',	'857a9f6a260d54c788401bc0e7d65aecce1a335b',	'2876cf204caa6654736d53a410b6bcf23ad17794',	'svg',	'image/svg+xml',	'Extension.svg',	'a247c773642ec1903e8cf7eb404741bdfff03e56',	1294,	1697690265,	1697690265),
(7,	0,	1697690433,	0,	0,	0,	'2',	0,	'/typo3conf/ext/mask/Resources/Public/Images/legacy-icon.gif',	'888cfacbfd3dc904996311359a273fe4064d9fea',	'150956d7ec32e8e20d0ec30ce3676a4eb464ffb8',	'gif',	'image/gif',	'legacy-icon.gif',	'921d78071223f0a62a53abf559e1810654083295',	366,	1697690265,	1697690265),
(8,	0,	1697690433,	0,	0,	0,	'2',	0,	'/typo3conf/ext/mask/Resources/Public/Images/Logo_TVconverter.png',	'29ccf17beb214a178e3c37f6b47cb6403ac20385',	'150956d7ec32e8e20d0ec30ce3676a4eb464ffb8',	'png',	'image/png',	'Logo_TVconverter.png',	'dfeb3eea11a491fc84b468c8a5198914bd8fb08d',	5657,	1697690265,	1697690265),
(9,	0,	1697690433,	0,	0,	0,	'2',	0,	'/typo3conf/ext/mask/Resources/Public/Icons/MaskUkraine.svg',	'5cb9faa14233796b19810085c0e84e65266a591d',	'2876cf204caa6654736d53a410b6bcf23ad17794',	'svg',	'image/svg+xml',	'MaskUkraine.svg',	'707debba0c50806983a78a1be9487dd6e9af5c77',	2031,	1697690265,	1697690265),
(22,	0,	1731386073,	0,	0,	1,	'5',	0,	'/user_upload/index.html',	'c25533f303185517ca3e1e24b215d53aa74076d2',	'19669f1e02c2f16705ec7587044c66443be70725',	'html',	'application/x-empty',	'index.html',	'da39a3ee5e6b4b0d3255bfef95601890afd80709',	0,	1697626910,	1697626910),
(23,	0,	1731562932,	0,	0,	1,	'1',	0,	'/user_upload/_temp_/importexport/data.xml',	'165cd81b05433cbd58fd78992daf226ea111f5bf',	'0795cf796b4fc959be0ec00b183c0f47609dd9a5',	'xml',	'text/xml',	'data.xml',	'b57d3d0a14769b3aacc7be96d6422f7d865b975d',	352551,	1731562932,	1731562932),
(24,	0,	1731562932,	0,	0,	1,	'2',	0,	'/user_upload/_temp_/importexport/data.xml.files/0f4f3792593641bb9f2d0df22774d8e5ebcc1d21',	'c5a457f2004d3627d40b48b3a97b7cfdd065b095',	'a20b30e6345e127e49790026ced895ee898ede1b',	'',	'image/png',	'0f4f3792593641bb9f2d0df22774d8e5ebcc1d21',	'0f4f3792593641bb9f2d0df22774d8e5ebcc1d21',	1234,	1731562932,	1731562932),
(25,	0,	1731562932,	0,	0,	1,	'2',	0,	'/user_upload/_temp_/importexport/data.xml.files/157501b248ab0d9dfaf688f2ed41708a3205f12a',	'ccf3ca8d44ffd5a6df4ddf1b7d1d5fc7df6baed1',	'a20b30e6345e127e49790026ced895ee898ede1b',	'',	'image/png',	'157501b248ab0d9dfaf688f2ed41708a3205f12a',	'157501b248ab0d9dfaf688f2ed41708a3205f12a',	397561,	1731562932,	1731562932),
(26,	0,	1731562932,	0,	0,	1,	'2',	0,	'/user_upload/_temp_/importexport/data.xml.files/196a039686dd44e79d4d7a71f5072781789928d9',	'2adc0b316dfb37e1d3139c70b21cc066725dc349',	'a20b30e6345e127e49790026ced895ee898ede1b',	'',	'image/png',	'196a039686dd44e79d4d7a71f5072781789928d9',	'196a039686dd44e79d4d7a71f5072781789928d9',	136341,	1731562932,	1731562932),
(27,	0,	1731562932,	0,	0,	1,	'2',	0,	'/user_upload/_temp_/importexport/data.xml.files/4da54bd3ae54c6cd37638fd8edb056bf0e6bd380',	'4e27519182b5b897d7157f8d3223be14ca0d2705',	'a20b30e6345e127e49790026ced895ee898ede1b',	'',	'image/png',	'4da54bd3ae54c6cd37638fd8edb056bf0e6bd380',	'4da54bd3ae54c6cd37638fd8edb056bf0e6bd380',	2628,	1731562932,	1731562932),
(28,	0,	1731562932,	0,	0,	1,	'2',	0,	'/user_upload/_temp_/importexport/data.xml.files/54b4c0ce2902d7e4a8340aa856d6edc0b1f68d32',	'e41a9a7496fbe722d23215ede74dd718c9e520d2',	'a20b30e6345e127e49790026ced895ee898ede1b',	'',	'image/png',	'54b4c0ce2902d7e4a8340aa856d6edc0b1f68d32',	'54b4c0ce2902d7e4a8340aa856d6edc0b1f68d32',	220954,	1731562932,	1731562932),
(29,	0,	1731562932,	0,	0,	1,	'2',	0,	'/user_upload/_temp_/importexport/data.xml.files/5e3958196dc30b039c3f3cd958b2f64038fc9505',	'd1bf67287509219888e26f18e57fa48a6c2fca39',	'a20b30e6345e127e49790026ced895ee898ede1b',	'',	'image/png',	'5e3958196dc30b039c3f3cd958b2f64038fc9505',	'5e3958196dc30b039c3f3cd958b2f64038fc9505',	1280,	1731562932,	1731562932),
(30,	0,	1731562932,	0,	0,	1,	'2',	0,	'/user_upload/_temp_/importexport/data.xml.files/67e4afedd2d23de272f7b90def01dfe9a27a314d',	'9046e91bf26eef7eced0f770744dcd097cd9bf3d',	'a20b30e6345e127e49790026ced895ee898ede1b',	'',	'image/png',	'67e4afedd2d23de272f7b90def01dfe9a27a314d',	'67e4afedd2d23de272f7b90def01dfe9a27a314d',	386077,	1731562932,	1731562932),
(31,	0,	1731562932,	0,	0,	1,	'2',	0,	'/user_upload/_temp_/importexport/data.xml.files/71cca80a76d918adcbd156ca6dd9b3b8c005f91d',	'ba39031f31695609d0cb26ce56b2e4979e94c511',	'a20b30e6345e127e49790026ced895ee898ede1b',	'',	'image/png',	'71cca80a76d918adcbd156ca6dd9b3b8c005f91d',	'71cca80a76d918adcbd156ca6dd9b3b8c005f91d',	244901,	1731562932,	1731562932),
(32,	0,	1731562932,	0,	0,	1,	'2',	0,	'/user_upload/_temp_/importexport/data.xml.files/77d88aaec93e25a4dae30ddd60d304c38743576b',	'2ba5a159d37395a2fef06adc9a64d7861187abec',	'a20b30e6345e127e49790026ced895ee898ede1b',	'',	'image/png',	'77d88aaec93e25a4dae30ddd60d304c38743576b',	'77d88aaec93e25a4dae30ddd60d304c38743576b',	388405,	1731562932,	1731562932),
(33,	0,	1731562932,	0,	0,	1,	'2',	0,	'/user_upload/_temp_/importexport/data.xml.files/869005c11d42cf4c6606a0126e2cee9e330ae7ab',	'614a5e627263be92c2c40d5f1a3a87b308c129c6',	'a20b30e6345e127e49790026ced895ee898ede1b',	'',	'image/png',	'869005c11d42cf4c6606a0126e2cee9e330ae7ab',	'869005c11d42cf4c6606a0126e2cee9e330ae7ab',	187502,	1731562932,	1731562932),
(34,	0,	1731562932,	0,	0,	1,	'2',	0,	'/user_upload/_temp_/importexport/data.xml.files/bd8e8d265d11e742b212a7cbc626d418a5bb70a1',	'23bf7128cadd130106c0c07d14962f4cfd11bb0b',	'a20b30e6345e127e49790026ced895ee898ede1b',	'',	'image/png',	'bd8e8d265d11e742b212a7cbc626d418a5bb70a1',	'bd8e8d265d11e742b212a7cbc626d418a5bb70a1',	1329,	1731562932,	1731562932),
(35,	0,	1731562932,	0,	0,	1,	'2',	0,	'/user_upload/_temp_/importexport/data.xml.files/f0805a04fa0af7eb09c1531b5a6b6c0cfb9af924',	'a97b5f585ab87f2b23d81b7154ba684368ce1204',	'a20b30e6345e127e49790026ced895ee898ede1b',	'',	'image/png',	'f0805a04fa0af7eb09c1531b5a6b6c0cfb9af924',	'f0805a04fa0af7eb09c1531b5a6b6c0cfb9af924',	1626,	1731562932,	1731562932),
(49,	0,	1737958961,	1737958961,	0,	1,	'2',	0,	'/at_christmas/banner-bg.png',	'37e839f9ba05cb12dee49d86c5d126d06e458bc5',	'6757319c46dd323c199ba6aca0f74f0365d151d9',	'png',	'image/png',	'banner-bg.png',	'c65ad130a7ea2dab22b1226cd74e31ea3570ada3',	861798,	1737958806,	1737958806),
(50,	0,	1737958962,	1737958962,	0,	1,	'2',	0,	'/at_christmas/call-icon.png',	'5de528106ab39e87ba546e07698b6b702749b050',	'6757319c46dd323c199ba6aca0f74f0365d151d9',	'png',	'image/png',	'call-icon.png',	'a9fce49fe568039fee534883c79da4667a5f0298',	1109,	1737958806,	1737958806),
(51,	0,	1737958962,	1737958962,	0,	1,	'2',	0,	'/at_christmas/fb-icon.png',	'37cd0dc3eab24e45509d4e104053649d92f5c459',	'6757319c46dd323c199ba6aca0f74f0365d151d9',	'png',	'image/png',	'fb-icon.png',	'0f4f3792593641bb9f2d0df22774d8e5ebcc1d21',	1234,	1737958806,	1737958806),
(52,	0,	1737958962,	1737958962,	0,	1,	'2',	0,	'/at_christmas/footer-bg.png',	'69797de38b59cc8fe77e2fc30fbac8ed66634a17',	'6757319c46dd323c199ba6aca0f74f0365d151d9',	'png',	'image/png',	'footer-bg.png',	'cb454bc2b176a6e0a01396b3412c67a9cb15efb5',	142841,	1737958806,	1737958806),
(53,	0,	1737958962,	1737958962,	0,	1,	'2',	0,	'/at_christmas/gifts-bg.png',	'eabd3b1807be8b31ae76d06834633364d1a71fe8',	'6757319c46dd323c199ba6aca0f74f0365d151d9',	'png',	'image/png',	'gifts-bg.png',	'f0d20a2c1292014c4af279cba89a8f75fce8efe1',	479275,	1737958806,	1737958806),
(54,	0,	1737958962,	1737958962,	0,	1,	'2',	0,	'/at_christmas/holiday-img.png',	'd9cace81aa1f791eb1cad39c9a4e2d21f0c5eebd',	'6757319c46dd323c199ba6aca0f74f0365d151d9',	'png',	'image/png',	'holiday-img.png',	'67e4afedd2d23de272f7b90def01dfe9a27a314d',	386077,	1737958806,	1737958806),
(55,	0,	1737958962,	1737958962,	0,	1,	'2',	0,	'/at_christmas/img-1.png',	'de63efc46a3a15dd763fa23b9c72380a6706ab4c',	'6757319c46dd323c199ba6aca0f74f0365d151d9',	'png',	'image/png',	'img-1.png',	'196a039686dd44e79d4d7a71f5072781789928d9',	136341,	1737958806,	1737958806),
(56,	0,	1737958962,	1737958962,	0,	1,	'2',	0,	'/at_christmas/img-2.png',	'62fd7889480ef0f925f50a4f295509066173668d',	'6757319c46dd323c199ba6aca0f74f0365d151d9',	'png',	'image/png',	'img-2.png',	'71cca80a76d918adcbd156ca6dd9b3b8c005f91d',	244901,	1737958806,	1737958806),
(57,	0,	1737958962,	1737958962,	0,	1,	'2',	0,	'/at_christmas/img-3.png',	'bf36130d3516f53419fb89fddd37e36e08e29403',	'6757319c46dd323c199ba6aca0f74f0365d151d9',	'png',	'image/png',	'img-3.png',	'157501b248ab0d9dfaf688f2ed41708a3205f12a',	397561,	1737958806,	1737958806),
(58,	0,	1737958962,	1737958962,	0,	1,	'2',	0,	'/at_christmas/img-4.png',	'd47eea91c3f94b8a19495985bf8cae53a7635c49',	'6757319c46dd323c199ba6aca0f74f0365d151d9',	'png',	'image/png',	'img-4.png',	'77d88aaec93e25a4dae30ddd60d304c38743576b',	388405,	1737958806,	1737958806),
(59,	0,	1737958962,	1737958962,	0,	1,	'2',	0,	'/at_christmas/img-5.png',	'411d4af3a43221aa8872347981f5a56f2960fc71',	'6757319c46dd323c199ba6aca0f74f0365d151d9',	'png',	'image/png',	'img-5.png',	'54b4c0ce2902d7e4a8340aa856d6edc0b1f68d32',	220954,	1737958806,	1737958806),
(61,	0,	1737958962,	1737958962,	0,	1,	'5',	0,	'/at_christmas/index.html',	'7b0b940853648629e825ef384e8e9713ff7e2d9a',	'6757319c46dd323c199ba6aca0f74f0365d151d9',	'html',	'application/x-empty',	'index.html',	'da39a3ee5e6b4b0d3255bfef95601890afd80709',	0,	1737958806,	1737958806),
(62,	0,	1737958962,	1737958962,	0,	1,	'2',	0,	'/at_christmas/instagram-icon.png',	'2cc20a49642860d80dd45d7fc31e1e2b780f5295',	'6757319c46dd323c199ba6aca0f74f0365d151d9',	'png',	'image/png',	'instagram-icon.png',	'f0805a04fa0af7eb09c1531b5a6b6c0cfb9af924',	1626,	1737958806,	1737958806),
(63,	0,	1737958962,	1737958962,	0,	1,	'2',	0,	'/at_christmas/left-arrow.png',	'65551b71d41ff01f6cf262ec30db77116b2608c5',	'6757319c46dd323c199ba6aca0f74f0365d151d9',	'png',	'image/png',	'left-arrow.png',	'144b85be78475395b68aebec9b1930efac22bb7b',	1072,	1737958806,	1737958806),
(64,	0,	1737958962,	1737958962,	0,	1,	'2',	0,	'/at_christmas/left-arrow1.png',	'3c37679f7b906b36f041b01befac3469bce82a45',	'6757319c46dd323c199ba6aca0f74f0365d151d9',	'png',	'image/png',	'left-arrow1.png',	'ce2e7610ec5981adb58c6e8c4831b9b89649da52',	1088,	1737958806,	1737958806),
(65,	0,	1737958962,	1737958962,	0,	1,	'2',	0,	'/at_christmas/linkedin-icon.png',	'c7f5bde42d293e763e66e4613aba1efe35f45d93',	'6757319c46dd323c199ba6aca0f74f0365d151d9',	'png',	'image/png',	'linkedin-icon.png',	'bd8e8d265d11e742b212a7cbc626d418a5bb70a1',	1329,	1737958806,	1737958806),
(66,	0,	1737958962,	1737958962,	0,	1,	'2',	0,	'/at_christmas/logo.png',	'36317cf5f22df934b2c0467ae42903f4e3b56381',	'6757319c46dd323c199ba6aca0f74f0365d151d9',	'png',	'image/png',	'logo.png',	'01ee2c855ea16e35e2d74ef3d5cedfa0901ccbb7',	3385,	1737958806,	1737958806),
(67,	0,	1737958962,	1737958962,	0,	1,	'2',	0,	'/at_christmas/mail-icon.png',	'f97c7145fb4efd57d4236a7c05006b63d8b774c7',	'6757319c46dd323c199ba6aca0f74f0365d151d9',	'png',	'image/png',	'mail-icon.png',	'05b2f777f00f685d0606e5fb200fffe7984cc951',	1144,	1737958806,	1737958806),
(68,	0,	1737958962,	1737958962,	0,	1,	'2',	0,	'/at_christmas/pink-logo.png',	'ed5888529364d5106e540ea1387c63804fdba2bc',	'6757319c46dd323c199ba6aca0f74f0365d151d9',	'png',	'image/png',	'pink-logo.png',	'a6a6f9e9556e7aa670f2db2bfc36897dfea5bc0b',	2728,	1737958806,	1737958806),
(69,	0,	1737958962,	1737958962,	0,	1,	'2',	0,	'/at_christmas/right-arrow.png',	'126605911a47d2656c88bcc7e27bcaeef5cb1961',	'6757319c46dd323c199ba6aca0f74f0365d151d9',	'png',	'image/png',	'right-arrow.png',	'de2a631f35d542b18d063abdf8abdaac47a0cba8',	1100,	1737958806,	1737958806),
(70,	0,	1737958962,	1737958962,	0,	1,	'2',	0,	'/at_christmas/right-arrow1.png',	'6dbe55f41dae61a0d6260a0b337bebdd90570c41',	'6757319c46dd323c199ba6aca0f74f0365d151d9',	'png',	'image/png',	'right-arrow1.png',	'f2de3dd817252409ddebd42a2b88693f075c1d89',	1090,	1737958806,	1737958806),
(71,	0,	1737958962,	1737958962,	0,	1,	'2',	0,	'/at_christmas/search-icon.png',	'e8d1b6be3eaffe2fbb15442d4f540cb37aac9e76',	'6757319c46dd323c199ba6aca0f74f0365d151d9',	'png',	'image/png',	'search-icon.png',	'ea3f7f915f9911142c822c010ebbb7fdd35d687a',	1146,	1737958806,	1737958806),
(72,	0,	1737958962,	1737958962,	0,	1,	'2',	0,	'/at_christmas/testimonial-bg.png',	'9b21935ec24e0b0628f04cb19b6db641f0352ef6',	'6757319c46dd323c199ba6aca0f74f0365d151d9',	'png',	'image/png',	'testimonial-bg.png',	'ebdf4863612ad208fd1576274b65d0b003a07436',	187082,	1737958806,	1737958806),
(73,	0,	1737958962,	1737958962,	0,	1,	'2',	0,	'/at_christmas/tree-icon.png',	'b6848c89b1d52a1205eb7b22e5e1e53227ab58f1',	'6757319c46dd323c199ba6aca0f74f0365d151d9',	'png',	'image/png',	'tree-icon.png',	'4da54bd3ae54c6cd37638fd8edb056bf0e6bd380',	2628,	1737958806,	1737958806),
(74,	0,	1737958962,	1737958962,	0,	1,	'2',	0,	'/at_christmas/twitter-icon.png',	'bc754dc4ea244d64c3654deeae78c7d0a1a045dc',	'6757319c46dd323c199ba6aca0f74f0365d151d9',	'png',	'image/png',	'twitter-icon.png',	'5e3958196dc30b039c3f3cd958b2f64038fc9505',	1280,	1737958806,	1737958806),
(76,	0,	1737961874,	1737961874,	0,	1,	'2',	0,	'/at_christmas/profile.png',	'b3ae832b2d6bc0cf02ac836dfaac8778602c3424',	'6757319c46dd323c199ba6aca0f74f0365d151d9',	'png',	'image/png',	'profile.png',	'4d1244c8cd23f93c1a9d40fe9c4df8756afecddf',	32174,	1737961874,	1737961874),
(77,	0,	1737961963,	1737961963,	0,	1,	'2',	0,	'/at_christmas/boy.png',	'a8c6d0df1b918d3bec3e0224d5f1f56c8fe282f2',	'6757319c46dd323c199ba6aca0f74f0365d151d9',	'png',	'image/png',	'boy.png',	'ee7ffc8e521410edac6b82626b95ac7d88b294ff',	38782,	1737961963,	1737961963),
(78,	0,	1737961963,	1737961963,	0,	1,	'2',	0,	'/at_christmas/woman.png',	'b9d0aa4c5bfde937c509b396b73585c844749db3',	'6757319c46dd323c199ba6aca0f74f0365d151d9',	'png',	'image/png',	'woman.png',	'9fa9e0191281abaadee462a952b0d92de706f824',	38218,	1737961963,	1737961963),
(79,	0,	1737963262,	1737963262,	0,	1,	'5',	0,	'/user_upload/_temp_/index.html',	'a3ef597b554ed2a28c720b3e90e51edc9ec642b1',	'4e0743c93934dd9a02564d8e654d714bd2dc3d20',	'html',	'application/x-empty',	'index.html',	'da39a3ee5e6b4b0d3255bfef95601890afd80709',	0,	1737958672,	1737958672),
(80,	0,	1737963264,	1737963264,	0,	1,	'1',	0,	'/user_upload/_temp_/importexport/index.html',	'68614dc2826769e93d8a8ead62af30ac99aaa83a',	'0795cf796b4fc959be0ec00b183c0f47609dd9a5',	'html',	'text/html',	'index.html',	'86f257eae12059ed5daf12ce6e5508f5f893012a',	116,	1737958672,	1737958672),
(81,	0,	1737963269,	1737963269,	0,	1,	'1',	0,	'/_temp_/index.html',	'1cd5eec12b9b11599c0b4c6b2d43342c4fb53a7b',	'0258f8a5f703dd44c350fbfcddeecb1634d46ad4',	'html',	'text/html',	'index.html',	'86f257eae12059ed5daf12ce6e5508f5f893012a',	116,	1737958672,	1737958672),
(82,	0,	1741761874,	1741761874,	0,	1,	'2',	0,	'/at_christmas/banner-bg.png',	'42f825a50307ea624a704883d36ff4400ab8712c',	'174125a9f206a969ff50578e0e0f36e424a2fbe8',	'png',	'image/png',	'banner-bg.png',	'c65ad130a7ea2dab22b1226cd74e31ea3570ada3',	861798,	1741067298,	1741067298),
(83,	0,	1741761874,	1741761874,	0,	1,	'2',	0,	'/at_christmas/call-icon.png',	'04e4826df5af461a87a3ccdc83ee6d4c14d94138',	'174125a9f206a969ff50578e0e0f36e424a2fbe8',	'png',	'image/png',	'call-icon.png',	'a9fce49fe568039fee534883c79da4667a5f0298',	1109,	1741067298,	1741067298),
(84,	0,	1741761874,	1741761874,	0,	1,	'2',	0,	'/at_christmas/fb-icon.png',	'8fe2669a76bcc2e364a90998d25f53b3b67016bb',	'174125a9f206a969ff50578e0e0f36e424a2fbe8',	'png',	'image/png',	'fb-icon.png',	'0f4f3792593641bb9f2d0df22774d8e5ebcc1d21',	1234,	1741067298,	1741067298),
(85,	0,	1741761874,	1741761874,	0,	1,	'2',	0,	'/at_christmas/footer-bg.png',	'23b7ae60c64b313f4bd823e015ce2961b7ee8070',	'174125a9f206a969ff50578e0e0f36e424a2fbe8',	'png',	'image/png',	'footer-bg.png',	'cb454bc2b176a6e0a01396b3412c67a9cb15efb5',	142841,	1741067298,	1741067298),
(86,	0,	1741761874,	1741761874,	0,	1,	'2',	0,	'/at_christmas/gifts-bg.png',	'49947af663745d853ce4a8e2dc8bc9d1459bf8bc',	'174125a9f206a969ff50578e0e0f36e424a2fbe8',	'png',	'image/png',	'gifts-bg.png',	'f0d20a2c1292014c4af279cba89a8f75fce8efe1',	479275,	1741067298,	1741067298),
(87,	0,	1741761874,	1741761874,	0,	1,	'2',	0,	'/at_christmas/holiday-img.png',	'0fc26d0b9ec667a9d8afadd3f071136115db8f13',	'174125a9f206a969ff50578e0e0f36e424a2fbe8',	'png',	'image/png',	'holiday-img.png',	'67e4afedd2d23de272f7b90def01dfe9a27a314d',	386077,	1741067298,	1741067298),
(88,	0,	1741761874,	1741761874,	0,	1,	'2',	0,	'/at_christmas/img-1.png',	'b7fd7c2f7087df3fc89150f69060006e62f73a30',	'174125a9f206a969ff50578e0e0f36e424a2fbe8',	'png',	'image/png',	'img-1.png',	'196a039686dd44e79d4d7a71f5072781789928d9',	136341,	1741067298,	1741067298),
(89,	0,	1741761874,	1741761874,	0,	1,	'2',	0,	'/at_christmas/img-2.png',	'92d2e01a2c3aa81e2495cd1822af0344ada29977',	'174125a9f206a969ff50578e0e0f36e424a2fbe8',	'png',	'image/png',	'img-2.png',	'71cca80a76d918adcbd156ca6dd9b3b8c005f91d',	244901,	1741067298,	1741067298),
(90,	0,	1741761874,	1741761874,	0,	1,	'2',	0,	'/at_christmas/img-3.png',	'0b22adcb137ae51736135f62a05c0211c3da55bc',	'174125a9f206a969ff50578e0e0f36e424a2fbe8',	'png',	'image/png',	'img-3.png',	'157501b248ab0d9dfaf688f2ed41708a3205f12a',	397561,	1741067298,	1741067298),
(91,	0,	1741761874,	1741761874,	0,	1,	'2',	0,	'/at_christmas/img-4.png',	'43640c026f7528325e32f2895a47e08d3e02fa42',	'174125a9f206a969ff50578e0e0f36e424a2fbe8',	'png',	'image/png',	'img-4.png',	'77d88aaec93e25a4dae30ddd60d304c38743576b',	388405,	1741067298,	1741067298),
(92,	0,	1741761874,	1741761874,	0,	1,	'2',	0,	'/at_christmas/img-5.png',	'e49ef4d2aef8ee50a22d607b7084c519e3503c8b',	'174125a9f206a969ff50578e0e0f36e424a2fbe8',	'png',	'image/png',	'img-5.png',	'54b4c0ce2902d7e4a8340aa856d6edc0b1f68d32',	220954,	1741067298,	1741067298),
(93,	0,	1741761874,	1741761874,	0,	1,	'2',	0,	'/at_christmas/img-6.png',	'563b92c812cb78289fca1dcca53412fcc21eccb0',	'174125a9f206a969ff50578e0e0f36e424a2fbe8',	'png',	'image/png',	'img-6.png',	'869005c11d42cf4c6606a0126e2cee9e330ae7ab',	187502,	1741067298,	1741067298),
(94,	0,	1741761874,	1741761874,	0,	1,	'5',	0,	'/at_christmas/index.html',	'9221efc0727d6cefafcda6c730a177a6e3747cb9',	'174125a9f206a969ff50578e0e0f36e424a2fbe8',	'html',	'application/x-empty',	'index.html',	'da39a3ee5e6b4b0d3255bfef95601890afd80709',	0,	1741067298,	1741067298),
(95,	0,	1741761874,	1741761874,	0,	1,	'2',	0,	'/at_christmas/instagram-icon.png',	'6ee520fa73359c259c8073262c17b23eadc3a016',	'174125a9f206a969ff50578e0e0f36e424a2fbe8',	'png',	'image/png',	'instagram-icon.png',	'f0805a04fa0af7eb09c1531b5a6b6c0cfb9af924',	1626,	1741067298,	1741067298),
(96,	0,	1741761874,	1741761874,	0,	1,	'2',	0,	'/at_christmas/left-arrow.png',	'cd08e3fc2212fcbe9186225204d0c3f73b0e3c27',	'174125a9f206a969ff50578e0e0f36e424a2fbe8',	'png',	'image/png',	'left-arrow.png',	'144b85be78475395b68aebec9b1930efac22bb7b',	1072,	1741067298,	1741067298),
(97,	0,	1741761874,	1741761874,	0,	1,	'2',	0,	'/at_christmas/left-arrow1.png',	'd792473a053ee61550038fe0e2bc193e23969839',	'174125a9f206a969ff50578e0e0f36e424a2fbe8',	'png',	'image/png',	'left-arrow1.png',	'ce2e7610ec5981adb58c6e8c4831b9b89649da52',	1088,	1741067298,	1741067298),
(98,	0,	1741761874,	1741761874,	0,	1,	'2',	0,	'/at_christmas/linkedin-icon.png',	'6e717b6e7af78b5f40adfbdccca60e42c8f95c07',	'174125a9f206a969ff50578e0e0f36e424a2fbe8',	'png',	'image/png',	'linkedin-icon.png',	'bd8e8d265d11e742b212a7cbc626d418a5bb70a1',	1329,	1741067298,	1741067298),
(99,	0,	1741761874,	1741761874,	0,	1,	'2',	0,	'/at_christmas/logo.png',	'8fee109123157ceb67309f09f480eac8bf8bb1dd',	'174125a9f206a969ff50578e0e0f36e424a2fbe8',	'png',	'image/png',	'logo.png',	'01ee2c855ea16e35e2d74ef3d5cedfa0901ccbb7',	3385,	1741067298,	1741067298),
(100,	0,	1741761874,	1741761874,	0,	1,	'2',	0,	'/at_christmas/mail-icon.png',	'd3cf74bee328e5ac5fb3e5fbecf2e1127a75a6fb',	'174125a9f206a969ff50578e0e0f36e424a2fbe8',	'png',	'image/png',	'mail-icon.png',	'05b2f777f00f685d0606e5fb200fffe7984cc951',	1144,	1741067298,	1741067298),
(101,	0,	1741761874,	1741761874,	0,	1,	'2',	0,	'/at_christmas/pink-logo.png',	'13d259262a6eccf0d6ca8f19b8ee3a7d8747c72a',	'174125a9f206a969ff50578e0e0f36e424a2fbe8',	'png',	'image/png',	'pink-logo.png',	'a6a6f9e9556e7aa670f2db2bfc36897dfea5bc0b',	2728,	1741067298,	1741067298),
(102,	0,	1741761874,	1741761874,	0,	1,	'2',	0,	'/at_christmas/right-arrow.png',	'0d2bea8e127b5295d8e02b7cd5619fb1e3d7f54a',	'174125a9f206a969ff50578e0e0f36e424a2fbe8',	'png',	'image/png',	'right-arrow.png',	'de2a631f35d542b18d063abdf8abdaac47a0cba8',	1100,	1741067298,	1741067298),
(103,	0,	1741761874,	1741761874,	0,	1,	'2',	0,	'/at_christmas/right-arrow1.png',	'c7d6ca81ef3fabd41a9e6d84aa13f10b896263d6',	'174125a9f206a969ff50578e0e0f36e424a2fbe8',	'png',	'image/png',	'right-arrow1.png',	'f2de3dd817252409ddebd42a2b88693f075c1d89',	1090,	1741067298,	1741067298),
(104,	0,	1741761874,	1741761874,	0,	1,	'2',	0,	'/at_christmas/search-icon.png',	'cd495292d8c955e271d2d6ffbd1aa0e8b3be5d75',	'174125a9f206a969ff50578e0e0f36e424a2fbe8',	'png',	'image/png',	'search-icon.png',	'ea3f7f915f9911142c822c010ebbb7fdd35d687a',	1146,	1741067298,	1741067298),
(105,	0,	1741761874,	1741761874,	0,	1,	'2',	0,	'/at_christmas/testimonial-bg.png',	'288df18e1d1b161c2f075d78de05a5b08bc122c6',	'174125a9f206a969ff50578e0e0f36e424a2fbe8',	'png',	'image/png',	'testimonial-bg.png',	'ebdf4863612ad208fd1576274b65d0b003a07436',	187082,	1741067298,	1741067298),
(106,	0,	1741761874,	1741761874,	0,	1,	'2',	0,	'/at_christmas/tree-icon.png',	'07000b0333b9db4ee0d19c94c4f049d4d6182ef6',	'174125a9f206a969ff50578e0e0f36e424a2fbe8',	'png',	'image/png',	'tree-icon.png',	'4da54bd3ae54c6cd37638fd8edb056bf0e6bd380',	2628,	1741067298,	1741067298),
(107,	0,	1741761874,	1741761874,	0,	1,	'2',	0,	'/at_christmas/twitter-icon.png',	'52bd5b3c6cd2d8e543cc38f612ab2f000423e784',	'174125a9f206a969ff50578e0e0f36e424a2fbe8',	'png',	'image/png',	'twitter-icon.png',	'5e3958196dc30b039c3f3cd958b2f64038fc9505',	1280,	1741067298,	1741067298),
(108,	0,	1741761894,	1741761894,	0,	0,	'2',	0,	'/typo3conf/ext/at_christmas/Resources/Public/images/logo.png',	'aa22f794f6a27b2aab7c707f9fb4767ef177bee5',	'ae6efcc55bd53a03eba1e808020c0c5eda29fa0b',	'png',	'image/png',	'logo.png',	'01ee2c855ea16e35e2d74ef3d5cedfa0901ccbb7',	3385,	1741067241,	1576670728),
(109,	0,	1741761894,	1741761894,	0,	0,	'2',	0,	'/typo3conf/ext/at_christmas/Resources/Public/images/call-icon.png',	'376f5485f487f301817ea7b8c6b80d9149221add',	'ae6efcc55bd53a03eba1e808020c0c5eda29fa0b',	'png',	'image/png',	'call-icon.png',	'a9fce49fe568039fee534883c79da4667a5f0298',	1109,	1741067241,	1576670732),
(110,	0,	1741761894,	1741761894,	0,	0,	'2',	0,	'/typo3conf/ext/at_christmas/Resources/Public/images/mail-icon.png',	'fe4ac92c9e5e2a0c5286497597dc606060c1dae6',	'ae6efcc55bd53a03eba1e808020c0c5eda29fa0b',	'png',	'image/png',	'mail-icon.png',	'05b2f777f00f685d0606e5fb200fffe7984cc951',	1144,	1741067241,	1576670724),
(111,	0,	1742731495,	1742731495,	0,	1,	'2',	0,	'/at_christmas/Icons/favicon.png',	'9018354ff78ef4ede6c48316aa8109d597fef36c',	'af0083b301297e2ea318766225ab6b4ed468b8d5',	'png',	'image/png',	'favicon.png',	'60d8f3c1894cb089d2ae7118906065df0485ec0b',	3196,	1742463351,	1742463351),
(112,	0,	1742731498,	1742731498,	0,	1,	'2',	0,	'/at_christmas/Favicon/santa-claus.png',	'667ce4d4b9359e3f090b5ba8bbeea826e0af2778',	'59344e22de1fe0d3baf68cfd36b0555a9c0e76fd',	'png',	'image/png',	'santa-claus.png',	'09c4235d79b852307d2e13f5f3747e9b0e7c5484',	29689,	1742463351,	1742463351),
(113,	0,	1742818622,	1742818622,	0,	0,	'2',	0,	'/typo3conf/ext/at_christmas/Resources/Public/Icons/BELayouts/default.gif',	'875a9097f2936f82ef7fd8ed0a98a665621bcd03',	'a800e90f51cee57202e083890248a0b4efa9f6de',	'gif',	'image/gif',	'default.gif',	'a0591e7f13f01f89a4b4c35de9e9e3914fcb451a',	1278,	1742813274,	1742813274),
(115,	0,	1743057895,	1743057895,	0,	1,	'2',	0,	'/at_christmas/Sanata-404.png',	'94bc765bb36a121f47abf551cdb6f80607c4a258',	'174125a9f206a969ff50578e0e0f36e424a2fbe8',	'png',	'image/png',	'Sanata-404.png',	'3cad8dc7641631d0d1c3259dd361fc4c0c3b5305',	414455,	1743057866,	1742964915);

INSERT INTO `sys_file_metadata` (`uid`, `pid`, `tstamp`, `crdate`, `sys_language_uid`, `l10n_parent`, `l10n_state`, `t3_origuid`, `l10n_diffsource`, `t3ver_oid`, `t3ver_wsid`, `t3ver_state`, `t3ver_stage`, `file`, `title`, `width`, `height`, `description`, `alternative`, `categories`) VALUES
(1,	0,	1697627388,	1697627388,	0,	0,	NULL,	0,	'',	0,	0,	0,	0,	1,	NULL,	1107,	225,	NULL,	NULL,	0),
(2,	0,	1697628561,	1697628561,	0,	0,	NULL,	0,	'',	0,	0,	0,	0,	2,	NULL,	154,	73,	NULL,	NULL,	0),
(3,	0,	1697633864,	1697633864,	0,	0,	NULL,	0,	'',	0,	0,	0,	0,	3,	NULL,	14,	21,	NULL,	NULL,	0),
(4,	0,	1697633864,	1697633864,	0,	0,	NULL,	0,	'',	0,	0,	0,	0,	4,	NULL,	22,	15,	NULL,	NULL,	0),
(5,	0,	1697633976,	1697633976,	0,	0,	NULL,	0,	'',	0,	0,	0,	0,	5,	NULL,	18,	18,	NULL,	NULL,	0),
(6,	0,	1697690433,	1697690433,	0,	0,	NULL,	0,	'',	0,	0,	0,	0,	6,	NULL,	156,	156,	NULL,	NULL,	0),
(7,	0,	1697690433,	1697690433,	0,	0,	NULL,	0,	'',	0,	0,	0,	0,	7,	NULL,	18,	18,	NULL,	NULL,	0),
(8,	0,	1697690433,	1697690433,	0,	0,	NULL,	0,	'',	0,	0,	0,	0,	8,	NULL,	120,	42,	NULL,	NULL,	0),
(9,	0,	1697690433,	1697690433,	0,	0,	NULL,	0,	'',	0,	0,	0,	0,	9,	NULL,	156,	156,	NULL,	NULL,	0),
(10,	0,	1697701560,	1697701560,	0,	0,	NULL,	0,	'',	0,	0,	0,	0,	10,	NULL,	52,	70,	NULL,	NULL,	0),
(11,	0,	1697701730,	1697701730,	0,	0,	NULL,	0,	'',	0,	0,	0,	0,	11,	NULL,	595,	651,	NULL,	NULL,	0),
(12,	0,	1697707579,	1697707579,	0,	0,	NULL,	0,	'',	0,	0,	0,	0,	12,	NULL,	525,	562,	NULL,	NULL,	0),
(13,	0,	1697707645,	1697707645,	0,	0,	NULL,	0,	'',	0,	0,	0,	0,	13,	NULL,	809,	445,	NULL,	NULL,	0),
(14,	0,	1697707683,	1697707683,	0,	0,	NULL,	0,	'',	0,	0,	0,	0,	14,	NULL,	809,	445,	NULL,	NULL,	0),
(15,	0,	1697707697,	1697707697,	0,	0,	NULL,	0,	'',	0,	0,	0,	0,	15,	NULL,	809,	445,	NULL,	NULL,	0),
(16,	0,	1697714290,	1697714290,	0,	0,	NULL,	0,	'',	0,	0,	0,	0,	16,	NULL,	445,	298,	NULL,	NULL,	0),
(17,	0,	1697777811,	1697777811,	0,	0,	NULL,	0,	'',	0,	0,	0,	0,	17,	NULL,	543,	757,	NULL,	NULL,	0),
(18,	0,	1697784305,	1697784305,	0,	0,	NULL,	0,	'',	0,	0,	0,	0,	18,	NULL,	22,	22,	NULL,	NULL,	0),
(19,	0,	1697784340,	1697784340,	0,	0,	NULL,	0,	'',	0,	0,	0,	0,	19,	NULL,	23,	23,	NULL,	NULL,	0),
(20,	0,	1697784371,	1697784371,	0,	0,	NULL,	0,	'',	0,	0,	0,	0,	20,	NULL,	24,	24,	NULL,	NULL,	0),
(21,	0,	1697784469,	1697784469,	0,	0,	NULL,	0,	'',	0,	0,	0,	0,	21,	NULL,	23,	23,	NULL,	NULL,	0),
(22,	0,	1731386073,	1731386073,	0,	0,	NULL,	0,	'',	0,	0,	0,	0,	22,	NULL,	0,	0,	NULL,	NULL,	0),
(23,	0,	1731562931,	1731562931,	0,	0,	NULL,	0,	'',	0,	0,	0,	0,	23,	NULL,	0,	0,	NULL,	NULL,	0),
(24,	0,	1731562931,	1731562931,	0,	0,	NULL,	0,	'',	0,	0,	0,	0,	24,	NULL,	0,	0,	NULL,	NULL,	0),
(25,	0,	1731562931,	1731562931,	0,	0,	NULL,	0,	'',	0,	0,	0,	0,	25,	NULL,	0,	0,	NULL,	NULL,	0),
(26,	0,	1731562931,	1731562931,	0,	0,	NULL,	0,	'',	0,	0,	0,	0,	26,	NULL,	0,	0,	NULL,	NULL,	0),
(27,	0,	1731562931,	1731562931,	0,	0,	NULL,	0,	'',	0,	0,	0,	0,	27,	NULL,	0,	0,	NULL,	NULL,	0),
(28,	0,	1731562931,	1731562931,	0,	0,	NULL,	0,	'',	0,	0,	0,	0,	28,	NULL,	0,	0,	NULL,	NULL,	0),
(29,	0,	1731562931,	1731562931,	0,	0,	NULL,	0,	'',	0,	0,	0,	0,	29,	NULL,	0,	0,	NULL,	NULL,	0),
(30,	0,	1731562931,	1731562931,	0,	0,	NULL,	0,	'',	0,	0,	0,	0,	30,	NULL,	0,	0,	NULL,	NULL,	0),
(31,	0,	1731562931,	1731562931,	0,	0,	NULL,	0,	'',	0,	0,	0,	0,	31,	NULL,	0,	0,	NULL,	NULL,	0),
(32,	0,	1731562931,	1731562931,	0,	0,	NULL,	0,	'',	0,	0,	0,	0,	32,	NULL,	0,	0,	NULL,	NULL,	0),
(33,	0,	1731562931,	1731562931,	0,	0,	NULL,	0,	'',	0,	0,	0,	0,	33,	NULL,	0,	0,	NULL,	NULL,	0),
(34,	0,	1731562931,	1731562931,	0,	0,	NULL,	0,	'',	0,	0,	0,	0,	34,	NULL,	0,	0,	NULL,	NULL,	0),
(35,	0,	1731562931,	1731562931,	0,	0,	NULL,	0,	'',	0,	0,	0,	0,	35,	NULL,	0,	0,	NULL,	NULL,	0),
(36,	0,	1731585577,	1731585577,	0,	0,	NULL,	0,	'',	0,	0,	0,	0,	36,	NULL,	1920,	1059,	NULL,	NULL,	0),
(37,	0,	1731585577,	1731585577,	0,	0,	NULL,	0,	'',	0,	0,	0,	0,	37,	NULL,	14,	21,	NULL,	NULL,	0),
(38,	0,	1731585577,	1731585577,	0,	0,	NULL,	0,	'',	0,	0,	0,	0,	38,	NULL,	1920,	945,	NULL,	NULL,	0),
(39,	0,	1731585577,	1731585577,	0,	0,	NULL,	0,	'',	0,	0,	0,	0,	39,	NULL,	1920,	848,	NULL,	NULL,	0),
(40,	0,	1731585577,	1731585577,	0,	0,	NULL,	0,	'',	0,	0,	0,	0,	40,	NULL,	17,	17,	NULL,	NULL,	0),
(41,	0,	1731585577,	1731585577,	0,	0,	NULL,	0,	'',	0,	0,	0,	0,	41,	NULL,	17,	17,	NULL,	NULL,	0),
(42,	0,	1731585577,	1731585577,	0,	0,	NULL,	0,	'',	0,	0,	0,	0,	42,	NULL,	154,	73,	NULL,	NULL,	0),
(43,	0,	1731585577,	1731585577,	0,	0,	NULL,	0,	'',	0,	0,	0,	0,	43,	NULL,	22,	15,	NULL,	NULL,	0),
(44,	0,	1731585577,	1731585577,	0,	0,	NULL,	0,	'',	0,	0,	0,	0,	44,	NULL,	154,	73,	NULL,	NULL,	0),
(45,	0,	1731585577,	1731585577,	0,	0,	NULL,	0,	'',	0,	0,	0,	0,	45,	NULL,	17,	17,	NULL,	NULL,	0),
(46,	0,	1731585577,	1731585577,	0,	0,	NULL,	0,	'',	0,	0,	0,	0,	46,	NULL,	17,	17,	NULL,	NULL,	0),
(47,	0,	1731585577,	1731585577,	0,	0,	NULL,	0,	'',	0,	0,	0,	0,	47,	NULL,	18,	18,	NULL,	NULL,	0),
(48,	0,	1731585577,	1731585577,	0,	0,	NULL,	0,	'',	0,	0,	0,	0,	48,	NULL,	1920,	1182,	NULL,	NULL,	0),
(49,	0,	1737958961,	1737958961,	0,	0,	NULL,	0,	'',	0,	0,	0,	0,	49,	NULL,	1920,	1059,	NULL,	NULL,	0),
(50,	0,	1737958961,	1737958961,	0,	0,	NULL,	0,	'',	0,	0,	0,	0,	50,	NULL,	14,	21,	NULL,	NULL,	0),
(51,	0,	1737958961,	1737958961,	0,	0,	NULL,	0,	'',	0,	0,	0,	0,	51,	NULL,	22,	22,	NULL,	NULL,	0),
(52,	0,	1737958961,	1737958961,	0,	0,	NULL,	0,	'',	0,	0,	0,	0,	52,	NULL,	1920,	945,	NULL,	NULL,	0),
(53,	0,	1737958961,	1737958961,	0,	0,	NULL,	0,	'',	0,	0,	0,	0,	53,	NULL,	1920,	848,	NULL,	NULL,	0),
(54,	0,	1737958961,	1737958961,	0,	0,	NULL,	0,	'',	0,	0,	0,	0,	54,	NULL,	543,	757,	NULL,	NULL,	0),
(55,	0,	1737958961,	1737958961,	0,	0,	NULL,	0,	'',	0,	0,	0,	0,	55,	NULL,	595,	651,	NULL,	NULL,	0),
(56,	0,	1737958961,	1737958961,	0,	0,	NULL,	0,	'',	0,	0,	0,	0,	56,	NULL,	525,	562,	NULL,	NULL,	0),
(57,	0,	1737958961,	1737958961,	0,	0,	NULL,	0,	'',	0,	0,	0,	0,	57,	NULL,	809,	445,	NULL,	NULL,	0),
(58,	0,	1737958961,	1737958961,	0,	0,	NULL,	0,	'',	0,	0,	0,	0,	58,	NULL,	809,	445,	NULL,	NULL,	0),
(59,	0,	1737958961,	1737958961,	0,	0,	NULL,	0,	'',	0,	0,	0,	0,	59,	NULL,	809,	445,	NULL,	NULL,	0),
(61,	0,	1737958961,	1737958961,	0,	0,	NULL,	0,	'',	0,	0,	0,	0,	61,	NULL,	0,	0,	NULL,	NULL,	0),
(62,	0,	1737958961,	1737958961,	0,	0,	NULL,	0,	'',	0,	0,	0,	0,	62,	NULL,	24,	24,	NULL,	NULL,	0),
(63,	0,	1737958961,	1737958961,	0,	0,	NULL,	0,	'',	0,	0,	0,	0,	63,	NULL,	17,	17,	NULL,	NULL,	0),
(64,	0,	1737958961,	1737958961,	0,	0,	NULL,	0,	'',	0,	0,	0,	0,	64,	NULL,	17,	17,	NULL,	NULL,	0),
(65,	0,	1737958961,	1737958961,	0,	0,	NULL,	0,	'',	0,	0,	0,	0,	65,	NULL,	23,	23,	NULL,	NULL,	0),
(66,	0,	1737958961,	1737958961,	0,	0,	NULL,	0,	'',	0,	0,	0,	0,	66,	NULL,	154,	73,	NULL,	NULL,	0),
(67,	0,	1737958961,	1737958961,	0,	0,	NULL,	0,	'',	0,	0,	0,	0,	67,	NULL,	22,	15,	NULL,	NULL,	0),
(68,	0,	1737958961,	1737958961,	0,	0,	NULL,	0,	'',	0,	0,	0,	0,	68,	NULL,	154,	73,	NULL,	NULL,	0),
(69,	0,	1737958961,	1737958961,	0,	0,	NULL,	0,	'',	0,	0,	0,	0,	69,	NULL,	17,	17,	NULL,	NULL,	0),
(70,	0,	1737958961,	1737958961,	0,	0,	NULL,	0,	'',	0,	0,	0,	0,	70,	NULL,	17,	17,	NULL,	NULL,	0),
(71,	0,	1737958961,	1737958961,	0,	0,	NULL,	0,	'',	0,	0,	0,	0,	71,	NULL,	18,	18,	NULL,	NULL,	0),
(72,	0,	1737958961,	1737958961,	0,	0,	NULL,	0,	'',	0,	0,	0,	0,	72,	NULL,	1920,	1182,	NULL,	NULL,	0),
(73,	0,	1737958961,	1737958961,	0,	0,	NULL,	0,	'',	0,	0,	0,	0,	73,	NULL,	52,	70,	NULL,	NULL,	0),
(74,	0,	1737958961,	1737958961,	0,	0,	NULL,	0,	'',	0,	0,	0,	0,	74,	NULL,	23,	23,	NULL,	NULL,	0),
(76,	0,	1737961874,	1737961874,	0,	0,	NULL,	0,	'',	0,	0,	0,	0,	76,	NULL,	512,	512,	NULL,	NULL,	0),
(77,	0,	1737961963,	1737961963,	0,	0,	NULL,	0,	'',	0,	0,	0,	0,	78,	NULL,	512,	512,	NULL,	NULL,	0),
(78,	0,	1737961963,	1737961963,	0,	0,	NULL,	0,	'',	0,	0,	0,	0,	77,	NULL,	512,	512,	NULL,	NULL,	0),
(79,	0,	1737963262,	1737963262,	0,	0,	NULL,	0,	'',	0,	0,	0,	0,	79,	NULL,	0,	0,	NULL,	NULL,	0),
(80,	0,	1737963264,	1737963264,	0,	0,	NULL,	0,	'',	0,	0,	0,	0,	80,	NULL,	0,	0,	NULL,	NULL,	0),
(81,	0,	1737963269,	1737963269,	0,	0,	NULL,	0,	'',	0,	0,	0,	0,	81,	NULL,	0,	0,	NULL,	NULL,	0),
(82,	0,	1741761874,	1741761874,	0,	0,	NULL,	0,	'',	0,	0,	0,	0,	82,	NULL,	1920,	1059,	NULL,	NULL,	0),
(83,	0,	1741761874,	1741761874,	0,	0,	NULL,	0,	'',	0,	0,	0,	0,	83,	NULL,	14,	21,	NULL,	NULL,	0),
(84,	0,	1741761874,	1741761874,	0,	0,	NULL,	0,	'',	0,	0,	0,	0,	84,	NULL,	22,	22,	NULL,	NULL,	0),
(85,	0,	1741761874,	1741761874,	0,	0,	NULL,	0,	'',	0,	0,	0,	0,	85,	NULL,	1920,	945,	NULL,	NULL,	0),
(86,	0,	1741761874,	1741761874,	0,	0,	NULL,	0,	'',	0,	0,	0,	0,	86,	NULL,	1920,	848,	NULL,	NULL,	0),
(87,	0,	1741761874,	1741761874,	0,	0,	NULL,	0,	'',	0,	0,	0,	0,	87,	NULL,	543,	757,	NULL,	NULL,	0),
(88,	0,	1741761874,	1741761874,	0,	0,	NULL,	0,	'',	0,	0,	0,	0,	88,	NULL,	595,	651,	NULL,	NULL,	0),
(89,	0,	1741761874,	1741761874,	0,	0,	NULL,	0,	'',	0,	0,	0,	0,	89,	NULL,	525,	562,	NULL,	NULL,	0),
(90,	0,	1741761874,	1741761874,	0,	0,	NULL,	0,	'',	0,	0,	0,	0,	90,	NULL,	809,	445,	NULL,	NULL,	0),
(91,	0,	1741761874,	1741761874,	0,	0,	NULL,	0,	'',	0,	0,	0,	0,	91,	NULL,	809,	445,	NULL,	NULL,	0),
(92,	0,	1741761874,	1741761874,	0,	0,	NULL,	0,	'',	0,	0,	0,	0,	92,	NULL,	809,	445,	NULL,	NULL,	0),
(93,	0,	1741761874,	1741761874,	0,	0,	NULL,	0,	'',	0,	0,	0,	0,	93,	NULL,	445,	298,	NULL,	NULL,	0),
(94,	0,	1741761874,	1741761874,	0,	0,	NULL,	0,	'',	0,	0,	0,	0,	94,	NULL,	0,	0,	NULL,	NULL,	0),
(95,	0,	1741761874,	1741761874,	0,	0,	NULL,	0,	'',	0,	0,	0,	0,	95,	NULL,	24,	24,	NULL,	NULL,	0),
(96,	0,	1741761874,	1741761874,	0,	0,	NULL,	0,	'',	0,	0,	0,	0,	96,	NULL,	17,	17,	NULL,	NULL,	0),
(97,	0,	1741761874,	1741761874,	0,	0,	NULL,	0,	'',	0,	0,	0,	0,	97,	NULL,	17,	17,	NULL,	NULL,	0),
(98,	0,	1741761874,	1741761874,	0,	0,	NULL,	0,	'',	0,	0,	0,	0,	98,	NULL,	23,	23,	NULL,	NULL,	0),
(99,	0,	1741761874,	1741761874,	0,	0,	NULL,	0,	'',	0,	0,	0,	0,	99,	NULL,	154,	73,	NULL,	NULL,	0),
(100,	0,	1741761874,	1741761874,	0,	0,	NULL,	0,	'',	0,	0,	0,	0,	100,	NULL,	22,	15,	NULL,	NULL,	0),
(101,	0,	1741761874,	1741761874,	0,	0,	NULL,	0,	'',	0,	0,	0,	0,	101,	NULL,	154,	73,	NULL,	NULL,	0),
(102,	0,	1741761874,	1741761874,	0,	0,	NULL,	0,	'',	0,	0,	0,	0,	102,	NULL,	17,	17,	NULL,	NULL,	0),
(103,	0,	1741761874,	1741761874,	0,	0,	NULL,	0,	'',	0,	0,	0,	0,	103,	NULL,	17,	17,	NULL,	NULL,	0),
(104,	0,	1741761874,	1741761874,	0,	0,	NULL,	0,	'',	0,	0,	0,	0,	104,	NULL,	18,	18,	NULL,	NULL,	0),
(105,	0,	1741761874,	1741761874,	0,	0,	NULL,	0,	'',	0,	0,	0,	0,	105,	NULL,	1920,	1182,	NULL,	NULL,	0),
(106,	0,	1741761874,	1741761874,	0,	0,	NULL,	0,	'',	0,	0,	0,	0,	106,	NULL,	52,	70,	NULL,	NULL,	0),
(107,	0,	1741761874,	1741761874,	0,	0,	NULL,	0,	'',	0,	0,	0,	0,	107,	NULL,	23,	23,	NULL,	NULL,	0),
(108,	0,	1741761894,	1741761894,	0,	0,	NULL,	0,	'',	0,	0,	0,	0,	108,	NULL,	154,	73,	NULL,	NULL,	0),
(109,	0,	1741761894,	1741761894,	0,	0,	NULL,	0,	'',	0,	0,	0,	0,	109,	NULL,	14,	21,	NULL,	NULL,	0),
(110,	0,	1741761894,	1741761894,	0,	0,	NULL,	0,	'',	0,	0,	0,	0,	110,	NULL,	22,	15,	NULL,	NULL,	0),
(111,	0,	1742731495,	1742731495,	0,	0,	NULL,	0,	'',	0,	0,	0,	0,	111,	NULL,	96,	96,	NULL,	NULL,	0),
(112,	0,	1742731498,	1742731498,	0,	0,	NULL,	0,	'',	0,	0,	0,	0,	112,	NULL,	512,	512,	NULL,	NULL,	0),
(113,	0,	1742818622,	1742818622,	0,	0,	NULL,	0,	'',	0,	0,	0,	0,	113,	NULL,	50,	75,	NULL,	NULL,	0),
(114,	0,	1742964915,	1742964915,	0,	0,	NULL,	0,	'',	0,	0,	0,	0,	114,	NULL,	1276,	853,	NULL,	NULL,	0);

INSERT INTO `sys_file_reference` (`uid`, `pid`, `tstamp`, `crdate`, `deleted`, `hidden`, `sys_language_uid`, `l10n_parent`, `l10n_state`, `l10n_diffsource`, `t3ver_oid`, `t3ver_wsid`, `t3ver_state`, `t3ver_stage`, `uid_local`, `uid_foreign`, `tablenames`, `fieldname`, `sorting_foreign`, `title`, `description`, `alternative`, `link`, `crop`, `autoplay`) VALUES
(42,	2,	1741762028,	1737958991,	0,	0,	0,	0,	NULL,	'{\"hidden\":\"\"}',	0,	0,	0,	0,	73,	2,	'tt_content',	'tx_mask_treeicon',	1,	NULL,	NULL,	NULL,	'',	'{\"default\":{\"cropArea\":{\"x\":0,\"y\":0,\"width\":1,\"height\":1},\"selectedRatio\":\"NaN\",\"focusArea\":null}}',	0),
(44,	2,	1742997481,	1737959055,	0,	0,	0,	0,	NULL,	'{\"alternative\":\"\",\"description\":\"\",\"link\":\"\",\"title\":\"\",\"crop\":\"\",\"uid_local\":\"\",\"hidden\":\"\",\"sys_language_uid\":\"\"}',	0,	0,	0,	0,	73,	3,	'tt_content',	'tx_mask_treeicon',	1,	NULL,	NULL,	'header tree icon',	'',	'{\"default\":{\"cropArea\":{\"x\":0,\"y\":0,\"width\":1,\"height\":1},\"selectedRatio\":\"NaN\",\"focusArea\":null}}',	0),
(47,	2,	1742997481,	1737959140,	0,	0,	0,	0,	NULL,	'{\"alternative\":\"\",\"description\":\"\",\"link\":\"\",\"title\":\"\",\"crop\":\"\",\"uid_local\":\"\",\"hidden\":\"\",\"sys_language_uid\":\"\"}',	0,	0,	0,	0,	58,	2,	'tx_mask_rptimg',	'tx_mask_sliderimg',	1,	NULL,	NULL,	'second gift image',	'',	'{\"default\":{\"cropArea\":{\"x\":0,\"y\":0,\"width\":1,\"height\":1},\"selectedRatio\":\"NaN\",\"focusArea\":null}}',	0),
(48,	2,	1742997481,	1737959140,	0,	0,	0,	0,	NULL,	'{\"alternative\":\"\",\"description\":\"\",\"link\":\"\",\"title\":\"\",\"crop\":\"\",\"uid_local\":\"\",\"hidden\":\"\",\"sys_language_uid\":\"\"}',	0,	0,	0,	0,	59,	3,	'tx_mask_rptimg',	'tx_mask_sliderimg',	1,	NULL,	NULL,	'third gift image',	'',	'{\"default\":{\"cropArea\":{\"x\":0,\"y\":0,\"width\":1,\"height\":1},\"selectedRatio\":\"NaN\",\"focusArea\":null}}',	0),
(51,	2,	1742997664,	1737959281,	0,	0,	0,	0,	NULL,	'{\"alternative\":\"\",\"description\":\"\",\"link\":\"\",\"title\":\"\",\"crop\":\"\",\"uid_local\":\"\",\"hidden\":\"\",\"sys_language_uid\":\"\"}',	0,	0,	0,	0,	73,	4,	'tt_content',	'tx_mask_treeicon',	1,	NULL,	NULL,	'heading tree icon',	'',	'{\"default\":{\"cropArea\":{\"x\":0,\"y\":0,\"width\":1,\"height\":1},\"selectedRatio\":\"NaN\",\"focusArea\":null}}',	0),
(52,	2,	1742997664,	1737959281,	0,	0,	0,	0,	NULL,	'{\"alternative\":\"\",\"description\":\"\",\"link\":\"\",\"title\":\"\",\"crop\":\"\",\"uid_local\":\"\",\"hidden\":\"\",\"sys_language_uid\":\"\"}',	0,	0,	0,	0,	56,	4,	'tt_content',	'tx_mask_centerimg',	1,	NULL,	NULL,	'santa claus',	'',	'{\"default\":{\"cropArea\":{\"x\":0,\"y\":0,\"width\":1,\"height\":1},\"selectedRatio\":\"NaN\",\"focusArea\":null}}',	0),
(70,	10,	1737959462,	1737959461,	0,	0,	0,	0,	NULL,	'{\"alternative\":\"\",\"description\":\"\",\"link\":\"\",\"title\":\"\",\"crop\":\"\",\"uid_local\":\"\",\"hidden\":\"\",\"sys_language_uid\":\"\"}',	0,	0,	0,	0,	51,	10,	'pages',	'media',	1,	NULL,	NULL,	NULL,	'',	'{\"default\":{\"cropArea\":{\"x\":0,\"y\":0,\"width\":1,\"height\":1},\"selectedRatio\":\"NaN\",\"focusArea\":null}}',	0),
(71,	11,	1737959483,	1737959481,	0,	0,	0,	0,	NULL,	'{\"hidden\":\"\"}',	0,	0,	0,	0,	74,	11,	'pages',	'media',	1,	NULL,	NULL,	NULL,	'',	'{\"default\":{\"cropArea\":{\"x\":0,\"y\":0,\"width\":1,\"height\":1},\"selectedRatio\":\"NaN\",\"focusArea\":null}}',	0),
(72,	12,	1737959505,	1737959500,	0,	0,	0,	0,	NULL,	'{\"alternative\":\"\",\"description\":\"\",\"link\":\"\",\"title\":\"\",\"crop\":\"\",\"uid_local\":\"\",\"hidden\":\"\",\"sys_language_uid\":\"\"}',	0,	0,	0,	0,	62,	12,	'pages',	'media',	1,	NULL,	NULL,	NULL,	'',	'{\"default\":{\"cropArea\":{\"x\":0,\"y\":0,\"width\":1,\"height\":1},\"selectedRatio\":\"NaN\",\"focusArea\":null}}',	0),
(73,	13,	1737959535,	1737959533,	0,	0,	0,	0,	NULL,	'{\"hidden\":\"\"}',	0,	0,	0,	0,	65,	13,	'pages',	'media',	1,	NULL,	NULL,	NULL,	'',	'{\"default\":{\"cropArea\":{\"x\":0,\"y\":0,\"width\":1,\"height\":1},\"selectedRatio\":\"NaN\",\"focusArea\":null}}',	0),
(85,	2,	1742997664,	1741762501,	0,	0,	0,	0,	NULL,	'{\"alternative\":\"\",\"description\":\"\",\"link\":\"\",\"title\":\"\",\"crop\":\"\",\"uid_local\":\"\",\"hidden\":\"\",\"sys_language_uid\":\"\"}',	0,	0,	0,	0,	93,	3,	'tx_mask_testrpt',	'tx_mask_picture',	1,	NULL,	NULL,	'Tthird person image',	'',	'{\"default\":{\"cropArea\":{\"x\":0,\"y\":0,\"width\":1,\"height\":1},\"selectedRatio\":\"NaN\",\"focusArea\":null}}',	0),
(95,	4,	1742793657,	1742793657,	0,	0,	0,	0,	NULL,	'{\"hidden\":\"\"}',	0,	0,	0,	0,	73,	36,	'tt_content',	'tx_mask_treeicon',	1,	NULL,	NULL,	NULL,	'',	'{\"default\":{\"cropArea\":{\"x\":0,\"y\":0,\"width\":1,\"height\":1},\"selectedRatio\":\"NaN\",\"focusArea\":null}}',	0),
(96,	4,	1742793737,	1742793657,	0,	0,	0,	0,	NULL,	'{\"hidden\":\"\"}',	0,	0,	0,	0,	55,	36,	'tt_content',	'tx_mask_treeimg',	1,	NULL,	NULL,	'this is Christmas Tree image.',	'',	'{\"default\":{\"cropArea\":{\"x\":0,\"y\":0,\"width\":1,\"height\":1},\"selectedRatio\":\"NaN\",\"focusArea\":null}}',	0),
(97,	4,	1742793737,	1742793657,	0,	0,	0,	0,	NULL,	'{\"hidden\":\"\"}',	0,	0,	0,	0,	106,	36,	'tt_content',	'tx_mask_about_icon',	1,	NULL,	NULL,	'this is tree-icon image',	'',	'{\"default\":{\"cropArea\":{\"x\":0,\"y\":0,\"width\":1,\"height\":1},\"selectedRatio\":\"NaN\",\"focusArea\":null}}',	0),
(99,	2,	1742997713,	1742795468,	0,	0,	0,	0,	NULL,	'{\"alternative\":\"\",\"description\":\"\",\"link\":\"\",\"title\":\"\",\"crop\":\"\",\"uid_local\":\"\",\"hidden\":\"\",\"sys_language_uid\":\"\"}',	0,	0,	0,	0,	87,	5,	'tt_content',	'tx_mask_holidayimg',	1,	NULL,	NULL,	'Holiday balloons image',	'',	'{\"default\":{\"cropArea\":{\"x\":0,\"y\":0,\"width\":1,\"height\":1},\"selectedRatio\":\"NaN\",\"focusArea\":null}}',	0),
(102,	2,	1742997664,	1742795797,	0,	0,	0,	0,	NULL,	'{\"alternative\":\"\",\"description\":\"\",\"link\":\"\",\"title\":\"\",\"crop\":\"\",\"uid_local\":\"\",\"hidden\":\"\",\"sys_language_uid\":\"\"}',	0,	0,	0,	0,	93,	1,	'tx_mask_testrpt',	'tx_mask_picture',	1,	NULL,	NULL,	'First Person Image',	'',	'{\"default\":{\"cropArea\":{\"x\":0,\"y\":0,\"width\":1,\"height\":1},\"selectedRatio\":\"NaN\",\"focusArea\":null}}',	0),
(103,	2,	1742997664,	1742795797,	0,	0,	0,	0,	NULL,	'{\"alternative\":\"\",\"description\":\"\",\"link\":\"\",\"title\":\"\",\"crop\":\"\",\"uid_local\":\"\",\"hidden\":\"\",\"sys_language_uid\":\"\"}',	0,	0,	0,	0,	93,	2,	'tx_mask_testrpt',	'tx_mask_picture',	1,	NULL,	NULL,	'Second person image',	'',	'{\"default\":{\"cropArea\":{\"x\":0,\"y\":0,\"width\":1,\"height\":1},\"selectedRatio\":\"NaN\",\"focusArea\":null}}',	0),
(104,	2,	1742997278,	1742797020,	0,	0,	0,	0,	NULL,	'{\"alternative\":\"\",\"description\":\"\",\"link\":\"\",\"title\":\"\",\"crop\":\"\",\"uid_local\":\"\",\"hidden\":\"\",\"sys_language_uid\":\"\"}',	0,	0,	0,	0,	106,	2,	'tt_content',	'tx_mask_about_icon',	1,	NULL,	NULL,	'Header Tree icon',	'',	'{\"default\":{\"cropArea\":{\"x\":0,\"y\":0,\"width\":1,\"height\":1},\"selectedRatio\":\"NaN\",\"focusArea\":null}}',	0),
(105,	5,	1742997748,	1742800061,	0,	0,	0,	0,	NULL,	'{\"alternative\":\"\",\"description\":\"\",\"link\":\"\",\"title\":\"\",\"crop\":\"\",\"uid_local\":\"\",\"hidden\":\"\",\"sys_language_uid\":\"\"}',	0,	0,	0,	0,	73,	38,	'tt_content',	'tx_mask_treeicon',	1,	NULL,	NULL,	'header tree icon',	'',	'{\"default\":{\"cropArea\":{\"x\":0,\"y\":0,\"width\":1,\"height\":1},\"selectedRatio\":\"NaN\",\"focusArea\":null}}',	0),
(106,	5,	1742997748,	1742800061,	0,	0,	0,	0,	NULL,	'{\"alternative\":\"\",\"description\":\"\",\"link\":\"\",\"title\":\"\",\"crop\":\"\",\"uid_local\":\"\",\"hidden\":\"\",\"sys_language_uid\":\"\"}',	0,	0,	0,	0,	56,	38,	'tt_content',	'tx_mask_img',	1,	NULL,	NULL,	'santa claus image',	'',	'{\"default\":{\"cropArea\":{\"x\":0,\"y\":0,\"width\":1,\"height\":1},\"selectedRatio\":\"NaN\",\"focusArea\":null}}',	0),
(107,	5,	1742997748,	1742800061,	0,	0,	0,	0,	NULL,	'{\"alternative\":\"\",\"description\":\"\",\"link\":\"\",\"title\":\"\",\"crop\":\"\",\"uid_local\":\"\",\"hidden\":\"\",\"sys_language_uid\":\"\"}',	0,	0,	0,	0,	57,	13,	'tx_mask_rptimg',	'tx_mask_sliderimg',	1,	NULL,	NULL,	'gift image',	'',	'{\"default\":{\"cropArea\":{\"x\":0,\"y\":0,\"width\":1,\"height\":1},\"selectedRatio\":\"NaN\",\"focusArea\":null}}',	0),
(108,	5,	1742997748,	1742800061,	0,	0,	0,	0,	NULL,	'{\"alternative\":\"\",\"description\":\"\",\"link\":\"\",\"title\":\"\",\"crop\":\"\",\"uid_local\":\"\",\"hidden\":\"\",\"sys_language_uid\":\"\"}',	0,	0,	0,	0,	58,	14,	'tx_mask_rptimg',	'tx_mask_sliderimg',	1,	NULL,	NULL,	'second gift image',	'',	'{\"default\":{\"cropArea\":{\"x\":0,\"y\":0,\"width\":1,\"height\":1},\"selectedRatio\":\"NaN\",\"focusArea\":null}}',	0),
(109,	5,	1742997748,	1742800061,	0,	0,	0,	0,	NULL,	'{\"alternative\":\"\",\"description\":\"\",\"link\":\"\",\"title\":\"\",\"crop\":\"\",\"uid_local\":\"\",\"hidden\":\"\",\"sys_language_uid\":\"\"}',	0,	0,	0,	0,	59,	15,	'tx_mask_rptimg',	'tx_mask_sliderimg',	1,	NULL,	NULL,	'third gift image',	'',	'{\"default\":{\"cropArea\":{\"x\":0,\"y\":0,\"width\":1,\"height\":1},\"selectedRatio\":\"NaN\",\"focusArea\":null}}',	0),
(110,	6,	1742997816,	1742800146,	0,	0,	0,	0,	NULL,	'{\"alternative\":\"\",\"description\":\"\",\"link\":\"\",\"title\":\"\",\"crop\":\"\",\"uid_local\":\"\",\"hidden\":\"\",\"sys_language_uid\":\"\"}',	0,	0,	0,	0,	73,	39,	'tt_content',	'tx_mask_treeicon',	1,	NULL,	NULL,	'heading tree icon',	'',	'{\"default\":{\"cropArea\":{\"x\":0,\"y\":0,\"width\":1,\"height\":1},\"selectedRatio\":\"NaN\",\"focusArea\":null}}',	0),
(111,	6,	1742997816,	1742800146,	0,	0,	0,	0,	NULL,	'{\"alternative\":\"\",\"description\":\"\",\"link\":\"\",\"title\":\"\",\"crop\":\"\",\"uid_local\":\"\",\"hidden\":\"\",\"sys_language_uid\":\"\"}',	0,	0,	0,	0,	93,	10,	'tx_mask_testrpt',	'tx_mask_picture',	1,	NULL,	NULL,	'First person Image',	'',	'{\"default\":{\"cropArea\":{\"x\":0,\"y\":0,\"width\":1,\"height\":1},\"selectedRatio\":\"NaN\",\"focusArea\":null}}',	0),
(112,	6,	1742997816,	1742800146,	0,	0,	0,	0,	NULL,	'{\"alternative\":\"\",\"description\":\"\",\"link\":\"\",\"title\":\"\",\"crop\":\"\",\"uid_local\":\"\",\"hidden\":\"\",\"sys_language_uid\":\"\"}',	0,	0,	0,	0,	93,	11,	'tx_mask_testrpt',	'tx_mask_picture',	1,	NULL,	NULL,	'Second person Image',	'',	'{\"default\":{\"cropArea\":{\"x\":0,\"y\":0,\"width\":1,\"height\":1},\"selectedRatio\":\"NaN\",\"focusArea\":null}}',	0),
(113,	6,	1742997816,	1742800146,	0,	0,	0,	0,	NULL,	'{\"alternative\":\"\",\"description\":\"\",\"link\":\"\",\"title\":\"\",\"crop\":\"\",\"uid_local\":\"\",\"hidden\":\"\",\"sys_language_uid\":\"\"}',	0,	0,	0,	0,	93,	12,	'tx_mask_testrpt',	'tx_mask_picture',	1,	NULL,	NULL,	'Third person image',	'',	'{\"default\":{\"cropArea\":{\"x\":0,\"y\":0,\"width\":1,\"height\":1},\"selectedRatio\":\"NaN\",\"focusArea\":null}}',	0),
(114,	6,	1742997816,	1742800146,	0,	0,	0,	0,	NULL,	'{\"alternative\":\"\",\"description\":\"\",\"link\":\"\",\"title\":\"\",\"crop\":\"\",\"uid_local\":\"\",\"hidden\":\"\",\"sys_language_uid\":\"\"}',	0,	0,	0,	0,	56,	39,	'tt_content',	'tx_mask_centerimg',	1,	NULL,	NULL,	'santa claus',	'',	'{\"default\":{\"cropArea\":{\"x\":0,\"y\":0,\"width\":1,\"height\":1},\"selectedRatio\":\"NaN\",\"focusArea\":null}}',	0),
(118,	2,	1742997481,	1742804569,	0,	0,	0,	0,	NULL,	'{\"alternative\":\"\",\"description\":\"\",\"link\":\"\",\"title\":\"\",\"crop\":\"\",\"uid_local\":\"\",\"hidden\":\"\",\"sys_language_uid\":\"\"}',	0,	0,	0,	0,	89,	3,	'tt_content',	'tx_mask_img',	1,	NULL,	NULL,	'Santa claus Image',	'',	'{\"default\":{\"cropArea\":{\"x\":0,\"y\":0,\"width\":1,\"height\":1},\"selectedRatio\":\"NaN\",\"focusArea\":null}}',	0),
(121,	2,	1742997278,	1742811581,	0,	0,	0,	0,	NULL,	'{\"alternative\":\"\",\"description\":\"\",\"link\":\"\",\"title\":\"\",\"crop\":\"\",\"uid_local\":\"\",\"hidden\":\"\",\"sys_language_uid\":\"\"}',	0,	0,	0,	0,	88,	2,	'tt_content',	'tx_mask_treeimg',	1,	NULL,	NULL,	'About Left Tree Image',	'',	'{\"default\":{\"cropArea\":{\"x\":0,\"y\":0,\"width\":1,\"height\":1},\"selectedRatio\":\"NaN\",\"focusArea\":null}}',	0),
(123,	2,	1742997481,	1742811886,	0,	0,	0,	0,	NULL,	'{\"alternative\":\"\",\"description\":\"\",\"link\":\"\",\"title\":\"\",\"crop\":\"\",\"uid_local\":\"\",\"hidden\":\"\",\"sys_language_uid\":\"\"}',	0,	0,	0,	0,	90,	1,	'tx_mask_rptimg',	'tx_mask_sliderimg',	1,	NULL,	NULL,	'First Gift Image',	'',	'{\"default\":{\"cropArea\":{\"x\":0,\"y\":0,\"width\":1,\"height\":1},\"selectedRatio\":\"NaN\",\"focusArea\":null}}',	0),
(125,	2,	1742812084,	1742812084,	0,	0,	0,	0,	NULL,	'',	0,	0,	0,	0,	82,	1,	'tt_content',	'tx_mask_banner_backimg',	1,	NULL,	NULL,	NULL,	'',	'{\"default\":{\"cropArea\":{\"x\":0,\"y\":0,\"width\":1,\"height\":1},\"selectedRatio\":\"NaN\",\"focusArea\":null}}',	0),
(145,	14,	1743057900,	1743057900,	0,	0,	0,	0,	NULL,	'',	0,	0,	0,	0,	115,	44,	'tt_content',	'image',	1,	NULL,	NULL,	NULL,	'',	'{\"default\":{\"cropArea\":{\"x\":0,\"y\":0,\"width\":1,\"height\":1},\"selectedRatio\":\"NaN\",\"focusArea\":null}}',	0);

INSERT INTO `sys_file_storage` (`uid`, `pid`, `tstamp`, `crdate`, `deleted`, `description`, `name`, `driver`, `configuration`, `is_default`, `is_browsable`, `is_public`, `is_writable`, `is_online`, `auto_extract_metadata`, `processingfolder`) VALUES
(1,	0,	1697627237,	1697627237,	0,	'This is the local fileadmin/ directory. This storage mount has been created automatically by TYPO3.',	'fileadmin',	'Local',	'<?xml version=\"1.0\" encoding=\"utf-8\" standalone=\"yes\" ?>\n<T3FlexForms>\n    <data>\n        <sheet index=\"sDEF\">\n            <language index=\"lDEF\">\n                <field index=\"basePath\">\n                    <value index=\"vDEF\">fileadmin/</value>\n                </field>\n                <field index=\"pathType\">\n                    <value index=\"vDEF\">relative</value>\n                </field>\n                <field index=\"caseSensitive\">\n                    <value index=\"vDEF\">1</value>\n                </field>\n            </language>\n        </sheet>\n    </data>\n</T3FlexForms>',	1,	1,	1,	1,	1,	1,	NULL);

INSERT INTO `sys_template` (`uid`, `pid`, `tstamp`, `crdate`, `deleted`, `hidden`, `starttime`, `endtime`, `sorting`, `description`, `t3_origuid`, `title`, `root`, `clear`, `include_static_file`, `constants`, `config`, `basedOn`, `includeStaticAfterBasedOn`, `static_file_mode`, `tx_impexp_origuid`) VALUES
(4,	2,	1742732022,	1697627355,	0,	0,	0,	0,	64,	NULL,	0,	'Christims',	1,	3,	'EXT:fluid_styled_content/Configuration/TypoScript/,EXT:fluid_styled_content/Configuration/TypoScript/Styling/,EXT:form/Configuration/TypoScript/,EXT:seo/Configuration/TypoScript/XmlSitemap,EXT:mask/Configuration/TypoScript,EXT:at_christmas/Configuration/TypoScript',	'at_christmas.website.settings.main_menu = 2\r\nat_christmas.website.settings.footer_menu = 8\r\nat_christmas.website.settings.footersm = 9\r\nat_christmas.website.settings.rootpage = 2\r\nat_christmas.website.settings.contactno = +71 67896543\r\nat_christmas.website.settings.emailid = demo@gmail.com\r\nat_christmas.website.settings.compress_js = 0\nat_christmas.website.settings.compress_Css = 0\nat_christmas.website.settings.concatenate_js = 0\nat_christmas.website.settings.concatenate_css = 0',	'config.contentObjectExceptionHandler = 0',	'',	0,	0,	0);

INSERT INTO `tt_content` (`uid`, `rowDescription`, `pid`, `tstamp`, `crdate`, `deleted`, `hidden`, `starttime`, `endtime`, `fe_group`, `sorting`, `editlock`, `sys_language_uid`, `l18n_parent`, `l10n_source`, `l10n_state`, `t3_origuid`, `l18n_diffsource`, `t3ver_oid`, `t3ver_wsid`, `t3ver_state`, `t3ver_stage`, `CType`, `header`, `header_position`, `bodytext`, `bullets_type`, `uploads_description`, `uploads_type`, `assets`, `image`, `imagewidth`, `imageorient`, `imagecols`, `imageborder`, `media`, `layout`, `frame_class`, `cols`, `space_before_class`, `space_after_class`, `records`, `pages`, `colPos`, `subheader`, `header_link`, `image_zoom`, `header_layout`, `list_type`, `sectionIndex`, `linkToTop`, `file_collections`, `filelink_size`, `filelink_sorting`, `filelink_sorting_direction`, `target`, `recursive`, `imageheight`, `pi_flexform`, `accessibility_title`, `accessibility_bypass`, `accessibility_bypass_text`, `category_field`, `table_class`, `table_caption`, `table_delimiter`, `table_enclosure`, `table_header_position`, `table_tfoot`, `categories`, `selected_categories`, `date`, `tx_impexp_origuid`, `tx_mask_accordian`, `tx_mask_grid`, `tx_mask_heading`, `tx_mask_image`, `tx_mask_image_hover_content`, `tx_mask_loop`, `tx_mask_option`, `tx_mask_pdfheading`, `tx_mask_profile_content`, `tx_mask_profile_header`, `tx_mask_slider`, `tx_mask_title`, `tx_mask_banner_backimg`, `tx_mask_banner`, `tx_mask_donatebtn`, `tx_mask_donatelink`, `tx_mask_treeicon`, `tx_mask_headblack`, `tx_mask_headspan`, `tx_mask_text`, `tx_mask_readlink`, `tx_mask_readbtn`, `tx_mask_treeimg`, `tx_mask_giftitle`, `tx_mask_img`, `tx_mask_rptimg`, `tx_mask_testtitle`, `tx_mask_testttree`, `tx_mask_testrpt`, `tx_mask_testitle`, `tx_mask_centerimg`, `tx_mask_subtitle`, `tx_mask_holitext`, `tx_mask_btntxt`, `tx_mask_holidaylink`, `tx_mask_holidayimg`, `tx_mask_holidaytitle`, `tx_mask_tree`, `tx_mask_formtitle`, `tx_mask_footerdate`, `tx_mask_footertxt`, `tx_mask_content_parent_uid`, `tx_mask_content_tablenames`, `tx_mask_maplink`, `tx_mask_socialmedia`, `tx_mask_copytxt`, `tx_mask_copylink`, `tx_mask_linktxt`, `tx_mask_form`, `tx_mask_content_role`, `tx_mask_menu`, `tx_mask_menus`, `tx_mask_sitmap`, `tx_mask_abouttext`, `tx_mask_contact_form`, `tx_mask_header_info`, `tx_mask_holiday_info`, `tx_mask_map`, `tx_mask_about_icon`) VALUES
(1,	'',	2,	1742812084,	1697691197,	0,	0,	0,	0,	'',	768,	0,	0,	0,	0,	NULL,	0,	'{\"CType\":\"\",\"colPos\":\"\",\"tx_mask_banner_backimg\":\"\",\"tx_mask_banner\":\"\",\"layout\":\"\",\"frame_class\":\"\",\"space_before_class\":\"\",\"space_after_class\":\"\",\"sectionIndex\":\"\",\"linkToTop\":\"\",\"sys_language_uid\":\"\",\"hidden\":\"\",\"starttime\":\"\",\"endtime\":\"\",\"fe_group\":\"\",\"editlock\":\"\",\"categories\":\"\",\"rowDescription\":\"\"}',	0,	0,	0,	0,	'mask_banner_section',	'',	'',	NULL,	0,	0,	0,	0,	0,	0,	0,	2,	0,	0,	0,	'default',	0,	'',	'',	NULL,	NULL,	1,	'',	'',	0,	'0',	'',	1,	0,	NULL,	0,	'',	'',	'',	0,	0,	NULL,	'',	0,	'',	'',	'',	NULL,	124,	0,	0,	0,	0,	NULL,	0,	0,	0,	0,	NULL,	0,	NULL,	0,	'',	'',	NULL,	NULL,	0,	NULL,	1,	3,	'Donate Now',	'#',	0,	'',	'',	NULL,	'',	'',	0,	'',	0,	0,	'',	0,	0,	'',	0,	NULL,	NULL,	'',	'',	0,	'',	0,	'',	NULL,	NULL,	0,	'',	'',	0,	NULL,	'',	NULL,	0,	'',	0,	1,	0,	NULL,	0,	NULL,	NULL,	NULL,	0),
(2,	'',	2,	1742811581,	1697701591,	0,	0,	0,	0,	'',	640,	0,	0,	0,	0,	NULL,	0,	'{\"CType\":\"\",\"colPos\":\"\",\"tx_mask_about_icon\":\"\",\"tx_mask_abouttext\":\"\",\"tx_mask_readbtn\":\"\",\"tx_mask_readlink\":\"\",\"tx_mask_treeimg\":\"\",\"layout\":\"\",\"frame_class\":\"\",\"space_before_class\":\"\",\"space_after_class\":\"\",\"sectionIndex\":\"\",\"linkToTop\":\"\",\"sys_language_uid\":\"\",\"hidden\":\"\",\"starttime\":\"\",\"endtime\":\"\",\"fe_group\":\"\",\"editlock\":\"\",\"categories\":\"\",\"rowDescription\":\"\"}',	0,	0,	0,	0,	'mask_about_section',	'',	'',	NULL,	0,	0,	0,	0,	0,	0,	0,	2,	0,	0,	0,	'default',	0,	'',	'',	NULL,	NULL,	2,	'',	'',	0,	'0',	'',	1,	0,	NULL,	0,	'',	'',	'',	0,	0,	NULL,	'',	0,	'',	'',	'',	NULL,	124,	0,	0,	0,	0,	NULL,	0,	0,	0,	0,	NULL,	0,	NULL,	0,	'',	'',	NULL,	NULL,	0,	NULL,	0,	0,	'',	'',	1,	'About',	'Events',	'Lorem ipsum dolor sit amet, consectetur adipiscing elit, sed do eiusmod tempor incididunt ut labore et dolore magna aliqua. Ut enim ad minim veniam, quis nostrud exercitation ullamco laboris nisi ut aliquip ex ea commodo cons',	't3://page?uid=4',	'Read More',	1,	'',	0,	0,	'',	0,	0,	'',	0,	NULL,	NULL,	'',	'',	0,	'',	0,	'',	NULL,	NULL,	0,	'',	'',	0,	NULL,	'',	NULL,	0,	'',	0,	0,	0,	'<h1>ABOUT <span class=\"text-muted\">EVENTS</span></h1>\r\n<p>Lorem ipsum dolor sit amet, consectetur adipiscing elit, sed do eiusmod tempor incididunt ut labore et dolore magna aliqua. Ut enim ad minim veniam, quis nostrud exercitation ullamco laboris nisi ut aliquip ex ea commodo cons</p>',	0,	NULL,	NULL,	NULL,	1),
(3,	'',	2,	1742811886,	1697707710,	0,	0,	0,	0,	'',	704,	0,	0,	0,	0,	NULL,	0,	'{\"CType\":\"\",\"colPos\":\"\",\"tx_mask_treeicon\":\"\",\"tx_mask_giftitle\":\"\",\"tx_mask_img\":\"\",\"tx_mask_rptimg\":\"\",\"layout\":\"\",\"frame_class\":\"\",\"space_before_class\":\"\",\"space_after_class\":\"\",\"sectionIndex\":\"\",\"linkToTop\":\"\",\"sys_language_uid\":\"\",\"hidden\":\"\",\"starttime\":\"\",\"endtime\":\"\",\"fe_group\":\"\",\"editlock\":\"\",\"categories\":\"\",\"rowDescription\":\"\"}',	0,	0,	0,	0,	'mask_gift_section',	'',	'',	NULL,	0,	0,	0,	0,	0,	0,	0,	2,	0,	0,	0,	'default',	0,	'',	'',	NULL,	NULL,	2,	'',	'',	0,	'0',	'',	1,	0,	NULL,	0,	'',	'',	'',	0,	0,	NULL,	'',	0,	'',	'',	'',	NULL,	124,	0,	0,	0,	0,	NULL,	0,	0,	0,	0,	NULL,	0,	NULL,	0,	'',	'',	NULL,	NULL,	0,	NULL,	0,	0,	'',	'',	1,	'',	'',	NULL,	'',	'',	0,	'GIFTS FOR YOU',	1,	3,	'',	0,	0,	'',	0,	NULL,	NULL,	'',	'',	0,	'',	0,	'',	NULL,	NULL,	0,	'',	'',	0,	NULL,	'',	NULL,	0,	'',	0,	0,	0,	NULL,	0,	NULL,	NULL,	NULL,	0),
(4,	'',	2,	1742816608,	1697714233,	0,	0,	0,	0,	'',	736,	0,	0,	0,	0,	NULL,	0,	'{\"CType\":\"\",\"colPos\":\"\",\"tx_mask_treeicon\":\"\",\"tx_mask_testitle\":\"\",\"tx_mask_centerimg\":\"\",\"tx_mask_testrpt\":\"\",\"layout\":\"\",\"frame_class\":\"\",\"space_before_class\":\"\",\"space_after_class\":\"\",\"sectionIndex\":\"\",\"linkToTop\":\"\",\"sys_language_uid\":\"\",\"hidden\":\"\",\"starttime\":\"\",\"endtime\":\"\",\"fe_group\":\"\",\"editlock\":\"\",\"categories\":\"\",\"rowDescription\":\"\"}',	0,	0,	0,	0,	'mask_testimonial_section',	'',	'',	NULL,	0,	0,	0,	0,	0,	0,	0,	2,	0,	0,	0,	'default',	0,	'',	'',	NULL,	NULL,	2,	'',	'',	0,	'0',	'',	1,	0,	NULL,	0,	'',	'',	'',	0,	0,	NULL,	'',	0,	'',	'',	'',	NULL,	124,	0,	0,	0,	0,	NULL,	0,	0,	0,	0,	NULL,	0,	NULL,	0,	'',	'',	NULL,	NULL,	0,	NULL,	0,	0,	'',	'',	1,	'',	'',	NULL,	'',	'',	0,	'',	0,	0,	'',	0,	3,	'TESTIMONIAL',	1,	NULL,	NULL,	'',	'',	0,	'',	0,	'',	NULL,	NULL,	0,	'',	'',	0,	NULL,	'',	NULL,	0,	'',	0,	0,	0,	NULL,	0,	NULL,	NULL,	NULL,	0),
(5,	'',	2,	1742800164,	1697777854,	0,	0,	0,	0,	'',	752,	0,	0,	0,	0,	NULL,	0,	'{\"CType\":\"\",\"colPos\":\"\",\"tx_mask_holidayimg\":\"\",\"tx_mask_holiday_info\":\"\",\"tx_mask_btntxt\":\"\",\"tx_mask_holidaylink\":\"\",\"layout\":\"\",\"frame_class\":\"\",\"space_before_class\":\"\",\"space_after_class\":\"\",\"sectionIndex\":\"\",\"linkToTop\":\"\",\"sys_language_uid\":\"\",\"hidden\":\"\",\"starttime\":\"\",\"endtime\":\"\",\"fe_group\":\"\",\"editlock\":\"\",\"categories\":\"\",\"rowDescription\":\"\"}',	0,	0,	0,	0,	'mask_holiday_section',	'',	'',	NULL,	0,	0,	0,	0,	0,	0,	0,	2,	0,	0,	0,	'default',	0,	'',	'',	NULL,	NULL,	2,	'',	'',	0,	'0',	'',	1,	0,	NULL,	0,	'',	'',	'',	0,	0,	NULL,	'',	0,	'',	'',	'',	NULL,	124,	0,	0,	0,	0,	NULL,	0,	0,	0,	0,	NULL,	0,	NULL,	0,	'',	'',	NULL,	NULL,	0,	NULL,	0,	0,	'',	'',	0,	'',	'',	NULL,	'',	'',	0,	'',	0,	0,	'',	0,	0,	'',	0,	'MANY VARIATIONS OF PASSAGES OF LOREM IPSUM AVAILABLE,',	'There are many variations of passages of Lorem Ipsum available, but the majority have suffered alteration in some form, by injected humour, or randomised words which don\'t look even slightly believable. If you are going to use a passage of Lorem Ipsum, you need to be sure there',	'Read More',	'#',	1,	'Happy Holidays',	0,	'',	NULL,	NULL,	0,	'',	'',	0,	NULL,	'',	NULL,	0,	'',	0,	0,	0,	NULL,	0,	NULL,	'<h1>Happy Holidays</h1>\r\n<h2>Many variations of passages of Lorem Ipsum available,</h2>\r\n<p>There are many variations of passages of Lorem Ipsum available, but the majority have suffered alteration in some form, by injected humour, or randomised words which don\'t look even slightly believable. If you are going to use a passage of Lorem Ipsum, you need to be sure there</p>',	NULL,	0),
(16,	'',	2,	1742797419,	1697796732,	0,	1,	0,	0,	'',	1,	0,	0,	0,	0,	NULL,	0,	'{\"hidden\":\"\"}',	0,	0,	0,	0,	'menu_pages',	'',	'',	NULL,	0,	0,	0,	0,	0,	0,	0,	2,	0,	0,	0,	'default',	0,	'',	'',	NULL,	'3,4,5,6,7',	999,	'',	'',	0,	'0',	'',	1,	0,	NULL,	0,	'',	'',	'',	0,	0,	NULL,	'',	0,	'',	'',	'',	NULL,	124,	0,	0,	0,	0,	NULL,	0,	0,	0,	0,	NULL,	0,	NULL,	0,	'',	'',	NULL,	NULL,	0,	NULL,	0,	0,	'',	'',	0,	'',	'',	NULL,	'',	'',	0,	'',	0,	0,	'',	0,	0,	'',	0,	NULL,	NULL,	'',	'',	0,	'',	0,	'',	NULL,	NULL,	1,	'tt_content',	'',	0,	NULL,	'',	NULL,	0,	'tx_mask_menus',	0,	0,	0,	NULL,	0,	NULL,	NULL,	NULL,	0),
(29,	'',	7,	1742803951,	1741762742,	0,	0,	0,	0,	'',	256,	0,	0,	0,	0,	NULL,	0,	'{\"CType\":\"\",\"colPos\":\"\",\"tx_mask_header_info\":\"\",\"tx_mask_contact_form\":\"\",\"tx_mask_map\":\"\",\"layout\":\"\",\"frame_class\":\"\",\"space_before_class\":\"\",\"space_after_class\":\"\",\"sectionIndex\":\"\",\"linkToTop\":\"\",\"sys_language_uid\":\"\",\"hidden\":\"\",\"starttime\":\"\",\"endtime\":\"\",\"fe_group\":\"\",\"editlock\":\"\",\"categories\":\"\",\"rowDescription\":\"\"}',	0,	0,	0,	0,	'mask_contact_section',	'',	'',	NULL,	0,	0,	0,	0,	0,	0,	0,	2,	0,	0,	0,	'default',	0,	'',	'',	NULL,	NULL,	0,	'',	'',	0,	'0',	'',	1,	0,	NULL,	0,	'',	'',	'',	0,	0,	NULL,	'',	0,	'',	'',	'',	NULL,	124,	0,	0,	0,	0,	NULL,	0,	0,	0,	0,	NULL,	0,	NULL,	0,	'',	'',	NULL,	NULL,	0,	NULL,	0,	0,	'',	'',	0,	'',	'',	NULL,	'',	'',	0,	'',	0,	0,	'',	0,	0,	'',	0,	NULL,	NULL,	'',	'',	0,	'',	0,	'',	NULL,	NULL,	0,	'',	'',	0,	NULL,	'',	NULL,	0,	'',	0,	0,	0,	NULL,	1,	'<h1>25 December</h1>\r\n<hr />\r\n<p>It is a long established fact that a reader will be distracted by the readable content of a page when looking at its layout. The point of using Lorem</p>',	NULL,	'<iframe src=\"https://www.google.com/maps/embed?pb=!1m18!1m12!1m3!1d278.1422138428687!2d6.739895715404906!3d51.24426158146096!2m3!1f0!2f0!3f0!3m2!1i1024!2i768!4f13.1!3m3!1m2!1s0x47b8ca2f5a4b4019%3A0x7e949f8c1f23e5a7!2sTYPO3%20GmbH!5e0!3m2!1sen!2sin!4v1742803937027!5m2!1sen!2sin\" width=\"600\" height=\"400\" style=\"border:0;\" allowfullscreen=\"\" loading=\"lazy\" referrerpolicy=\"no-referrer-when-downgrade\"></iframe>',	0),
(30,	'',	7,	1742803951,	1741762742,	0,	0,	0,	0,	'',	1,	0,	0,	0,	0,	NULL,	0,	'{\"CType\":\"\",\"colPos\":\"\",\"header\":\"\",\"header_layout\":\"\",\"header_position\":\"\",\"date\":\"\",\"header_link\":\"\",\"subheader\":\"\",\"pi_flexform\":\"\",\"layout\":\"\",\"frame_class\":\"\",\"space_before_class\":\"\",\"space_after_class\":\"\",\"sectionIndex\":\"\",\"linkToTop\":\"\",\"sys_language_uid\":\"\",\"hidden\":\"\",\"starttime\":\"\",\"endtime\":\"\",\"fe_group\":\"\",\"editlock\":\"\",\"categories\":\"\",\"rowDescription\":\"\"}',	0,	0,	0,	0,	'form_formframework',	'',	'',	NULL,	0,	0,	0,	0,	0,	0,	0,	2,	0,	0,	0,	'default',	0,	'',	'',	NULL,	NULL,	999,	'',	'',	0,	'0',	'',	1,	0,	NULL,	0,	'',	'',	'',	0,	0,	'<?xml version=\"1.0\" encoding=\"utf-8\" standalone=\"yes\" ?>\n<T3FlexForms>\n    <data>\n        <sheet index=\"sDEF\">\n            <language index=\"lDEF\">\n                <field index=\"settings.persistenceIdentifier\">\n                    <value index=\"vDEF\">EXT:at_christmas/Resources/Private/Forms/contactNow.form.yaml</value>\n                </field>\n                <field index=\"settings.overrideFinishers\">\n                    <value index=\"vDEF\">0</value>\n                </field>\n            </language>\n        </sheet>\n    </data>\n</T3FlexForms>',	'',	0,	'',	'',	'',	NULL,	124,	0,	0,	0,	0,	NULL,	0,	0,	0,	0,	NULL,	0,	NULL,	0,	'',	'',	NULL,	NULL,	0,	NULL,	0,	0,	'',	'',	0,	'',	'',	NULL,	'',	'',	0,	'',	0,	0,	'',	0,	0,	'',	0,	NULL,	NULL,	'',	'',	0,	'',	0,	'',	NULL,	NULL,	29,	'tt_content',	'',	0,	NULL,	'',	NULL,	0,	'tx_mask_contact_form',	0,	0,	0,	NULL,	0,	NULL,	NULL,	NULL,	0),
(36,	'',	4,	1742793737,	1742793657,	0,	0,	0,	0,	'',	256,	0,	0,	0,	0,	NULL,	2,	'{\"CType\":\"\",\"colPos\":\"\",\"tx_mask_about_icon\":\"\",\"tx_mask_abouttext\":\"\",\"tx_mask_readbtn\":\"\",\"tx_mask_readlink\":\"\",\"tx_mask_treeimg\":\"\",\"layout\":\"\",\"frame_class\":\"\",\"space_before_class\":\"\",\"space_after_class\":\"\",\"sectionIndex\":\"\",\"linkToTop\":\"\",\"sys_language_uid\":\"\",\"hidden\":\"\",\"starttime\":\"\",\"endtime\":\"\",\"fe_group\":\"\",\"editlock\":\"\",\"categories\":\"\",\"rowDescription\":\"\"}',	0,	0,	0,	0,	'mask_about_section',	'',	'',	NULL,	0,	0,	0,	0,	0,	0,	0,	2,	0,	0,	0,	'default',	0,	'',	'',	'',	'',	0,	'',	'',	0,	'0',	'',	1,	0,	'',	0,	'',	'',	'',	0,	0,	NULL,	'',	0,	'',	'',	'',	NULL,	124,	0,	0,	0,	0,	'0',	0,	0,	0,	0,	NULL,	0,	NULL,	0,	'',	'',	NULL,	NULL,	0,	NULL,	0,	0,	'',	'',	1,	'',	'',	NULL,	't3://page?uid=4',	'Read More',	1,	'',	0,	0,	'',	0,	0,	'',	0,	NULL,	NULL,	'',	'',	0,	'',	0,	'',	NULL,	NULL,	0,	'',	'',	0,	NULL,	'',	NULL,	0,	'',	0,	0,	0,	'<h1>ABOUT <span class=\"text-muted\">EVENTS</span></h1>\r\n<p>Lorem ipsum dolor sit amet, consectetur adipiscing elit, sed do eiusmod tempor incididunt ut labore et dolore magna aliqua. Ut enim ad minim veniam, quis nostrud exercitation ullamco laboris nisi ut aliquip ex ea commodo cons</p>',	0,	NULL,	NULL,	NULL,	1),
(38,	'',	5,	1742800063,	1742800061,	0,	0,	0,	0,	'',	256,	0,	0,	0,	0,	NULL,	3,	'{\"hidden\":\"\"}',	0,	0,	0,	0,	'mask_gift_section',	'',	'',	NULL,	0,	0,	0,	0,	0,	0,	0,	2,	0,	0,	0,	'default',	0,	'',	'',	'',	'',	0,	'',	'',	0,	'0',	'',	1,	0,	'',	0,	'',	'',	'',	0,	0,	NULL,	'',	0,	'',	'',	'',	NULL,	124,	0,	0,	0,	0,	'0',	0,	0,	0,	0,	NULL,	0,	NULL,	0,	'',	'',	NULL,	NULL,	0,	NULL,	0,	0,	'',	'',	1,	'',	'',	NULL,	'',	'',	0,	'GIFTS FOR YOU',	1,	3,	'',	0,	0,	'',	0,	NULL,	NULL,	'',	'',	0,	'',	0,	'',	NULL,	NULL,	0,	'',	'',	0,	NULL,	'',	NULL,	0,	'',	0,	0,	0,	NULL,	0,	NULL,	NULL,	NULL,	0),
(39,	'',	6,	1742800148,	1742800146,	0,	0,	0,	0,	'',	256,	0,	0,	0,	0,	NULL,	4,	'{\"hidden\":\"\"}',	0,	0,	0,	0,	'mask_testimonial_section',	'',	'',	NULL,	0,	0,	0,	0,	0,	0,	0,	2,	0,	0,	0,	'default',	0,	'',	'',	'',	'',	0,	'',	'',	0,	'0',	'',	1,	0,	'',	0,	'',	'',	'',	0,	0,	NULL,	'',	0,	'',	'',	'',	NULL,	124,	0,	0,	0,	0,	'0',	0,	0,	0,	0,	NULL,	0,	NULL,	0,	'',	'',	NULL,	NULL,	0,	NULL,	0,	0,	'',	'',	1,	'',	'',	NULL,	'',	'',	0,	'',	0,	0,	'',	0,	3,	'TESTIMONIAL',	1,	NULL,	NULL,	'',	'',	0,	'',	0,	'',	NULL,	NULL,	0,	'',	'',	0,	NULL,	'',	NULL,	0,	'',	0,	0,	0,	NULL,	0,	NULL,	NULL,	NULL,	0),
(44,	'',	14,	1742967675,	1742965139,	0,	0,	0,	0,	'',	256,	0,	0,	0,	0,	NULL,	0,	'{\"CType\":\"\",\"colPos\":\"\",\"header\":\"\",\"header_layout\":\"\",\"header_position\":\"\",\"date\":\"\",\"header_link\":\"\",\"subheader\":\"\",\"bodytext\":\"\",\"image\":\"\",\"imagewidth\":\"\",\"imageheight\":\"\",\"imageborder\":\"\",\"imageorient\":\"\",\"imagecols\":\"\",\"image_zoom\":\"\",\"layout\":\"\",\"frame_class\":\"\",\"space_before_class\":\"\",\"space_after_class\":\"\",\"sectionIndex\":\"\",\"linkToTop\":\"\",\"sys_language_uid\":\"\",\"hidden\":\"\",\"starttime\":\"\",\"endtime\":\"\",\"fe_group\":\"\",\"editlock\":\"\",\"categories\":\"\",\"rowDescription\":\"\"}',	0,	0,	0,	0,	'textpic',	'',	'',	'<h2>A 404 page is a webpage that displays when a user tries to access a page that no longer exists or is not found on the server.</h2>\r\n<p class=\"text-center\">&nbsp;</p>\r\n<h3 class=\"text-center\"><a class=\"btn-a-black\" href=\"t3://page?uid=2\">Go to Home</a></h3>\r\n<p class=\"text-center\">&nbsp;</p>',	0,	0,	0,	0,	1,	0,	0,	2,	0,	0,	0,	'indent',	0,	'extra-large',	'',	NULL,	NULL,	0,	'',	'',	0,	'0',	'',	1,	0,	NULL,	0,	'',	'',	'',	0,	0,	NULL,	'',	0,	'',	'',	'',	NULL,	124,	0,	0,	0,	0,	NULL,	0,	0,	0,	0,	NULL,	0,	NULL,	0,	'',	'',	NULL,	NULL,	0,	NULL,	0,	0,	'',	'',	0,	'',	'',	NULL,	'',	'',	0,	'',	0,	0,	'',	0,	0,	'',	0,	NULL,	NULL,	'',	'',	0,	'',	0,	'',	NULL,	NULL,	0,	'',	'',	0,	NULL,	'',	NULL,	0,	'',	0,	0,	0,	NULL,	0,	NULL,	NULL,	NULL,	0);

INSERT INTO `tx_mask_banner` (`uid`, `pid`, `tstamp`, `crdate`, `deleted`, `hidden`, `starttime`, `endtime`, `fe_group`, `sorting`, `editlock`, `sys_language_uid`, `l10n_parent`, `l10n_source`, `l10n_state`, `t3_origuid`, `l10n_diffsource`, `t3ver_oid`, `t3ver_wsid`, `t3ver_state`, `t3ver_stage`, `tx_mask_title`, `tx_mask_subtitle`, `tx_mask_date`, `tx_mask_button`, `tx_mask_btnlink`, `parentid`, `parenttable`, `tx_mask_slider_desc`) VALUES
(1,	2,	1742812084,	1697691197,	0,	0,	0,	0,	'',	1,	0,	0,	0,	0,	NULL,	0,	'{\"tx_mask_slider_desc\":\"\",\"tx_mask_button\":\"\",\"tx_mask_btnlink\":\"\",\"sys_language_uid\":\"\",\"hidden\":\"\",\"starttime\":\"\",\"endtime\":\"\",\"fe_group\":\"\",\"editlock\":\"\"}',	0,	0,	0,	0,	'Let\'s Celeva Wishes You Happy',	'Christmas',	'2019-12-25',	'Buy Now',	'#',	1,	'tt_content',	'<h1>Let\'s Celeva Wishes You Happy</h1>\r\n<h2>Christmas</h2>\r\n<h4>25 December 2019</h4>'),
(2,	2,	1742812084,	1697694234,	0,	0,	0,	0,	'',	2,	0,	0,	0,	0,	NULL,	0,	'{\"hidden\":\"\"}',	0,	0,	0,	0,	'Let\'s Celeva Wishes You Happy',	'Christmas',	'2019-12-25',	'Buy Now',	'#',	1,	'tt_content',	'<h1>Let\'s Celeva Wishes You Happy</h1>\r\n<h2>Christmas</h2>\r\n<h4>25 December 2019</h4>'),
(3,	2,	1742812084,	1697694234,	0,	0,	0,	0,	'',	3,	0,	0,	0,	0,	NULL,	0,	'{\"hidden\":\"\"}',	0,	0,	0,	0,	'Let\'s Celeva Wishes You Happy',	'Christmas',	'2019-12-25',	'Buy Now',	'#',	1,	'tt_content',	'<h1>Let\'s Celeva Wishes You Happy</h1>\r\n<h2>Christmas</h2>\r\n<h4>25 December 2019</h4>');

INSERT INTO `tx_mask_rptimg` (`uid`, `pid`, `tstamp`, `crdate`, `deleted`, `hidden`, `starttime`, `endtime`, `fe_group`, `sorting`, `editlock`, `sys_language_uid`, `l10n_parent`, `l10n_source`, `l10n_state`, `t3_origuid`, `l10n_diffsource`, `t3ver_oid`, `t3ver_wsid`, `t3ver_state`, `t3ver_stage`, `tx_mask_sliderimg`, `parentid`, `parenttable`) VALUES
(1,	2,	1742811886,	1697707710,	0,	0,	0,	0,	'',	1,	0,	0,	0,	0,	NULL,	0,	'{\"tx_mask_sliderimg\":\"\",\"sys_language_uid\":\"\",\"hidden\":\"\",\"starttime\":\"\",\"endtime\":\"\",\"fe_group\":\"\",\"editlock\":\"\"}',	0,	0,	0,	0,	1,	3,	'tt_content'),
(2,	2,	1742811886,	1697707710,	0,	0,	0,	0,	'',	2,	0,	0,	0,	0,	NULL,	0,	'{\"tx_mask_sliderimg\":\"\",\"sys_language_uid\":\"\",\"hidden\":\"\",\"starttime\":\"\",\"endtime\":\"\",\"fe_group\":\"\",\"editlock\":\"\"}',	0,	0,	0,	0,	1,	3,	'tt_content'),
(3,	2,	1742811886,	1697707710,	0,	0,	0,	0,	'',	3,	0,	0,	0,	0,	NULL,	0,	'{\"tx_mask_sliderimg\":\"\",\"sys_language_uid\":\"\",\"hidden\":\"\",\"starttime\":\"\",\"endtime\":\"\",\"fe_group\":\"\",\"editlock\":\"\"}',	0,	0,	0,	0,	1,	3,	'tt_content'),
(13,	5,	1742800061,	1742800061,	0,	0,	0,	0,	'',	1,	0,	0,	0,	0,	NULL,	1,	'{\"hidden\":\"\"}',	0,	0,	0,	0,	1,	38,	'tt_content'),
(14,	5,	1742800061,	1742800061,	0,	0,	0,	0,	'',	2,	0,	0,	0,	0,	NULL,	2,	'{\"hidden\":\"\"}',	0,	0,	0,	0,	1,	38,	'tt_content'),
(15,	5,	1742800061,	1742800061,	0,	0,	0,	0,	'',	3,	0,	0,	0,	0,	NULL,	3,	'{\"hidden\":\"\"}',	0,	0,	0,	0,	1,	38,	'tt_content');

INSERT INTO `tx_mask_testrpt` (`uid`, `pid`, `tstamp`, `crdate`, `deleted`, `hidden`, `starttime`, `endtime`, `fe_group`, `sorting`, `editlock`, `sys_language_uid`, `l10n_parent`, `l10n_source`, `l10n_state`, `t3_origuid`, `l10n_diffsource`, `t3ver_oid`, `t3ver_wsid`, `t3ver_state`, `t3ver_stage`, `tx_mask_picture`, `tx_mask_info`, `tx_mask_name`, `tx_mask_information`, `parentid`, `parenttable`) VALUES
(1,	2,	1742816608,	1697714324,	0,	0,	0,	0,	'',	1,	0,	0,	0,	0,	NULL,	0,	'{\"tx_mask_picture\":\"\",\"tx_mask_information\":\"\",\"sys_language_uid\":\"\",\"hidden\":\"\",\"starttime\":\"\",\"endtime\":\"\",\"fe_group\":\"\",\"editlock\":\"\"}',	0,	0,	0,	0,	1,	'here are many variations of passages of Lorem Ipsum available, but the majority have suffered alteration in some form, by injected humour, or randomised words which don\'t look even slightly believable. If you are going to use.',	'Mark Duo',	'<p>here are many variations of passages of Lorem Ipsum available, but the majority have suffered alteration in some form, by injected humour, or randomised words which don\'t look even slightly believable. If you are going to use</p>\r\n<h2>Mark Duo</h2>',	4,	'tt_content'),
(2,	2,	1742816608,	1697714413,	0,	0,	0,	0,	'',	2,	0,	0,	0,	0,	NULL,	0,	'{\"hidden\":\"\"}',	0,	0,	0,	0,	1,	'here are many variations of passages of Lorem Ipsum available, but the majority have suffered alteration in some form, by injected humour, or randomised words which don\'t look even slightly believable. If you are going to use.',	'Mark Duo',	'<p>here are many variations of passages of Lorem Ipsum available, but the majority have suffered alteration in some form, by injected humour, or randomised words which don\'t look even slightly believable. If you are going to use</p>\r\n<h2>Mark Duo</h2>',	4,	'tt_content'),
(3,	2,	1742816608,	1697714413,	0,	0,	0,	0,	'',	3,	0,	0,	0,	0,	NULL,	0,	'{\"hidden\":\"\"}',	0,	0,	0,	0,	1,	'here are many variations of passages of Lorem Ipsum available, but the majority have suffered alteration in some form, by injected humour, or randomised words which don\'t look even slightly believable. If you are going to use.',	'Mark Duo',	'<p>here are many variations of passages of Lorem Ipsum available, but the majority have suffered alteration in some form, by injected humour, or randomised words which don\'t look even slightly believable. If you are going to use</p>\r\n<h2>Mark Duo</h2>',	4,	'tt_content'),
(10,	6,	1742800146,	1742800146,	0,	0,	0,	0,	'',	1,	0,	0,	0,	0,	NULL,	1,	'{\"tx_mask_picture\":\"\",\"tx_mask_information\":\"\",\"sys_language_uid\":\"\",\"hidden\":\"\",\"starttime\":\"\",\"endtime\":\"\",\"fe_group\":\"\",\"editlock\":\"\"}',	0,	0,	0,	0,	1,	'here are many variations of passages of Lorem Ipsum available, but the majority have suffered alteration in some form, by injected humour, or randomised words which don\'t look even slightly believable. If you are going to use.',	'Mark Duo',	'<p>here are many variations of passages of Lorem Ipsum available, but the majority have suffered alteration in some form, by injected humour, or randomised words which don\'t look even slightly believable. If you are going to use</p>\r\n<h2>Mark Duo</h2>',	39,	'tt_content'),
(11,	6,	1742800146,	1742800146,	0,	0,	0,	0,	'',	2,	0,	0,	0,	0,	NULL,	2,	'{\"tx_mask_picture\":\"\",\"tx_mask_information\":\"\",\"sys_language_uid\":\"\",\"hidden\":\"\",\"starttime\":\"\",\"endtime\":\"\",\"fe_group\":\"\",\"editlock\":\"\"}',	0,	0,	0,	0,	1,	'here are many variations of passages of Lorem Ipsum available, but the majority have suffered alteration in some form, by injected humour, or randomised words which don\'t look even slightly believable. If you are going to use.',	'Mark Duo',	'<p>here are many variations of passages of Lorem Ipsum available, but the majority have suffered alteration in some form, by injected humour, or randomised words which don\'t look even slightly believable. If you are going to use</p>\r\n<h2>Mark Duo</h2>',	39,	'tt_content'),
(12,	6,	1742800146,	1742800146,	0,	0,	0,	0,	'',	3,	0,	0,	0,	0,	NULL,	3,	'{\"hidden\":\"\"}',	0,	0,	0,	0,	1,	'here are many variations of passages of Lorem Ipsum available, but the majority have suffered alteration in some form, by injected humour, or randomised words which don\'t look even slightly believable. If you are going to use.',	'Mark Duo',	'<p>here are many variations of passages of Lorem Ipsum available, but the majority have suffered alteration in some form, by injected humour, or randomised words which don\'t look even slightly believable. If you are going to use</p>\r\n<h2>Mark Duo</h2>',	39,	'tt_content');
